delete from TEST_TUTORIAL_QUESTION_ANS;
delete from TEST_TUTORIAL_MODULES;
delete from TEST_TUTORIAL_DOCUMENT;
commit;

-- Tutorial Document data
Insert into TEST_TUTORIAL_DOCUMENT (TEST_TUTORIAL_DOCUMENT_ID, DOCUMENT_NAME, DOCUMENT_INTRO_AUDIO, DOCUMENT_INTRO_VIDEO, RECORD_CREATOR_ID, 
    RECORD_CREATE_DATE, RECORD_LAST_UPDATER_ID, RECORD_LAST_UPDATED_DATE, AUDIO_FILE_NAME, VIDEO_FILE_NAME)
Values
   (1, 'Mentor online tutorial', NULL, NULL, '1', 
    TO_DATE('09/13/2009 05:30:58', 'MM/DD/YYYY HH24:MI:SS'), '1', TO_DATE('09/13/2009 05:30:58', 'MM/DD/YYYY HH24:MI:SS'), NULL, NULL);
Insert into TEST_TUTORIAL_DOCUMENT (TEST_TUTORIAL_DOCUMENT_ID, DOCUMENT_NAME, DOCUMENT_INTRO_AUDIO, DOCUMENT_INTRO_VIDEO, RECORD_CREATOR_ID, 
    RECORD_CREATE_DATE, RECORD_LAST_UPDATER_ID, RECORD_LAST_UPDATED_DATE, AUDIO_FILE_NAME, VIDEO_FILE_NAME)
Values
   (2, 'Protégé online tutorial', NULL, NULL, '1', 
    TO_DATE('09/13/2009 05:32:48', 'MM/DD/YYYY HH24:MI:SS'), '1', TO_DATE('09/13/2009 05:32:48', 'MM/DD/YYYY HH24:MI:SS'), NULL, NULL);
Insert into TEST_TUTORIAL_DOCUMENT
   (TEST_TUTORIAL_DOCUMENT_ID, DOCUMENT_NAME, DOCUMENT_INTRO_AUDIO, DOCUMENT_INTRO_VIDEO, RECORD_CREATOR_ID, 
    RECORD_CREATE_DATE, RECORD_LAST_UPDATER_ID, RECORD_LAST_UPDATED_DATE, AUDIO_FILE_NAME, VIDEO_FILE_NAME)
 Values
   (3, 'Online question and answer', NULL, NULL, '1', 
    TO_DATE('09/13/2009 05:31:13', 'MM/DD/YYYY HH24:MI:SS'), '1', TO_DATE('09/13/2009 05:31:13', 'MM/DD/YYYY HH24:MI:SS'), NULL, NULL);
    
    
--Tutorial Module data for Mentor
Insert into TEST_TUTORIAL_MODULES (TEST_TUTORIAL_MODULES_ID, TEST_TUTORIAL_DOCUMENT_ID, TEST_INDICATOR, MEMBER_TYPE_INDICATOR, MODULE_NAME, 
    MODULE_INTRO_AUDIO, MODULE_INTRO_VIDEO, MODULE_TEXT, RECORD_CREATOR_ID, RECORD_CREATE_DATE, 
    RECORD_LAST_UPDATER_ID, RECORD_LAST_UPDATED_DATE, CONTENTS, AUDIO_FILE_NAME, VIDEO_FILE_NAME,MODULE_TITLE)
Values
   (1, 1, 'N', 15, 'Module 1 - Da''wah Workshop',NULL, NULL, 'Test', '1', 
   TO_DATE('09/13/2009 05:43:34', 'MM/DD/YYYY HH24:MI:SS'), 
   '1', TO_DATE('09/30/2009 23:09:34', 'MM/DD/YYYY HH24:MI:SS'), NULL, 'pages/secure/media/m_1.swf', NULL,NULL);
Insert into TEST_TUTORIAL_MODULES (TEST_TUTORIAL_MODULES_ID, TEST_TUTORIAL_DOCUMENT_ID, TEST_INDICATOR, MEMBER_TYPE_INDICATOR, MODULE_NAME, 
    MODULE_INTRO_AUDIO, MODULE_INTRO_VIDEO, MODULE_TEXT, RECORD_CREATOR_ID, RECORD_CREATE_DATE, 
    RECORD_LAST_UPDATER_ID, RECORD_LAST_UPDATED_DATE, CONTENTS, AUDIO_FILE_NAME, VIDEO_FILE_NAME,MODULE_TITLE)
Values
   (2, 1, 'N', 15, 'Module 2 - Challenges to Successful Da''wah',NULL, NULL, 'Test', '1', 
   TO_DATE('09/13/2009 05:43:34', 'MM/DD/YYYY HH24:MI:SS'), 
   '1', TO_DATE('09/30/2009 23:09:34', 'MM/DD/YYYY HH24:MI:SS'), NULL, 'pages/secure/media/m2/m_2_page_1.swf', NULL,NULL);
Insert into TEST_TUTORIAL_MODULES (TEST_TUTORIAL_MODULES_ID, TEST_TUTORIAL_DOCUMENT_ID, TEST_INDICATOR, MEMBER_TYPE_INDICATOR, MODULE_NAME, 
    MODULE_INTRO_AUDIO, MODULE_INTRO_VIDEO, MODULE_TEXT, RECORD_CREATOR_ID, RECORD_CREATE_DATE, 
    RECORD_LAST_UPDATER_ID, RECORD_LAST_UPDATED_DATE, CONTENTS, AUDIO_FILE_NAME, VIDEO_FILE_NAME,MODULE_TITLE)
Values
   (3, 1, 'N', 15, 'Module 3 - Goals and Types of Da''wah',NULL, NULL, 'Test', '1', 
   TO_DATE('09/13/2009 05:43:34', 'MM/DD/YYYY HH24:MI:SS'), 
   '1', TO_DATE('09/30/2009 23:09:34', 'MM/DD/YYYY HH24:MI:SS'), NULL, 'pages/secure/media/m2/m_2_page_1.swf', NULL,NULL);
Insert into TEST_TUTORIAL_MODULES (TEST_TUTORIAL_MODULES_ID, TEST_TUTORIAL_DOCUMENT_ID, TEST_INDICATOR, MEMBER_TYPE_INDICATOR, MODULE_NAME, 
    MODULE_INTRO_AUDIO, MODULE_INTRO_VIDEO, MODULE_TEXT, RECORD_CREATOR_ID, RECORD_CREATE_DATE, 
    RECORD_LAST_UPDATER_ID, RECORD_LAST_UPDATED_DATE, CONTENTS, AUDIO_FILE_NAME, VIDEO_FILE_NAME, 
    MODULE_TITLE)
Values
   (4, 1, 'N', 15, 'Module 4 - Da''wah As Marketing',NULL, NULL, 'Test', '1', 
   TO_DATE('09/13/2009 05:43:34', 'MM/DD/YYYY HH24:MI:SS'), 
   '1', TO_DATE('09/30/2009 23:09:34', 'MM/DD/YYYY HH24:MI:SS'), NULL, 'pages/secure/media/m2/m_2_page_1.swf', NULL,NULL);
Insert into TEST_TUTORIAL_MODULES (TEST_TUTORIAL_MODULES_ID, TEST_TUTORIAL_DOCUMENT_ID, TEST_INDICATOR, MEMBER_TYPE_INDICATOR, MODULE_NAME, 
    MODULE_INTRO_AUDIO, MODULE_INTRO_VIDEO, MODULE_TEXT, RECORD_CREATOR_ID, RECORD_CREATE_DATE, 
    RECORD_LAST_UPDATER_ID, RECORD_LAST_UPDATED_DATE, CONTENTS, AUDIO_FILE_NAME, VIDEO_FILE_NAME, 
    MODULE_TITLE)
Values
   (5, 1, 'N', 15, 'Module 5 - The Art of Public Speaking',NULL, NULL, 'Test', '1', 
   TO_DATE('09/13/2009 05:43:34', 'MM/DD/YYYY HH24:MI:SS'), 
   '1', TO_DATE('09/30/2009 23:09:34', 'MM/DD/YYYY HH24:MI:SS'), NULL, 'pages/secure/media/m5/m_5_page_1.swf', NULL,NULL);
 
-- Module for protege
Insert into TEST_TUTORIAL_MODULES (TEST_TUTORIAL_MODULES_ID, TEST_TUTORIAL_DOCUMENT_ID, TEST_INDICATOR, MEMBER_TYPE_INDICATOR, MODULE_NAME, 
    MODULE_INTRO_AUDIO, MODULE_INTRO_VIDEO, MODULE_TEXT, RECORD_CREATOR_ID, RECORD_CREATE_DATE, 
    RECORD_LAST_UPDATER_ID, RECORD_LAST_UPDATED_DATE, CONTENTS, AUDIO_FILE_NAME, VIDEO_FILE_NAME, 
    MODULE_TITLE)
Values
   (6, 2, 'N', 17, 'Islam 101',NULL, NULL, 'Test', '1', 
   TO_DATE('09/13/2009 05:43:34', 'MM/DD/YYYY HH24:MI:SS'), 
   '1', TO_DATE('09/30/2009 23:09:34', 'MM/DD/YYYY HH24:MI:SS'), NULL, 'pages/secure/media/m101/m_101_page_1.swf', NULL,NULL);

   
-- Tutorial page for module 1
Insert into TEST_TUTORIAL_QUESTION_ANS
   (TEST_TUTORIAL_QUESTION_ANS_ID, TEST_TUTORIAL_MODULES_ID, PAGE_NUMBER, PAGE_TEXT, PAGE_AUDIO, 
    PAGE_VIDEO, QUESTION, QUESTION_CORRECT_ANSWER, QUESTION_OPTION_ANSWER_A, QUESTION_OPTION_ANSWER_B, 
    QUESTION_OPTION_ANSWER_C, QUESTION_OPTION_ANSWER_D, QUESTION_OPTION_ANSWER_E, QUESTION_OPTION_ANSWER_F, RECORD_CREATOR_ID, 
    RECORD_CREATE_DATE, RECORD_LAST_UPDATER_ID, RECORD_LAST_UPDATED_DATE, AUDIO_FILE_NAME, VIDEO_FILE_NAME, 
    PAGE_TITLE, ISQUESTION)
Values (1, 1, 1, NULL, NULL,NULL, NULL, NULL, NULL, NULL,NULL, NULL, NULL, NULL, '1', 
    TO_DATE('08/10/2009 02:02:22', 'MM/DD/YYYY HH24:MI:SS'), '1', TO_DATE('08/10/2009 02:02:22', 
    'MM/DD/YYYY HH24:MI:SS'), 'pages/secure/media/m_1_page_1.swf', NULL,'Online Da''wah Workshop', NULL);
Insert into TEST_TUTORIAL_QUESTION_ANS
   (TEST_TUTORIAL_QUESTION_ANS_ID, TEST_TUTORIAL_MODULES_ID, PAGE_NUMBER, PAGE_TEXT, PAGE_AUDIO, 
    PAGE_VIDEO, QUESTION, QUESTION_CORRECT_ANSWER, QUESTION_OPTION_ANSWER_A, QUESTION_OPTION_ANSWER_B, 
    QUESTION_OPTION_ANSWER_C, QUESTION_OPTION_ANSWER_D, QUESTION_OPTION_ANSWER_E, QUESTION_OPTION_ANSWER_F, RECORD_CREATOR_ID, 
    RECORD_CREATE_DATE, RECORD_LAST_UPDATER_ID, RECORD_LAST_UPDATED_DATE, AUDIO_FILE_NAME, VIDEO_FILE_NAME, 
    PAGE_TITLE, ISQUESTION)
Values (2, 1, 2, NULL, NULL,NULL, NULL, NULL, NULL, NULL,NULL, NULL, NULL, NULL, '1', 
    TO_DATE('08/10/2009 02:02:22', 'MM/DD/YYYY HH24:MI:SS'), '1', TO_DATE('08/10/2009 02:02:22', 
    'MM/DD/YYYY HH24:MI:SS'), 'pages/secure/media/m_1_page_2.swf', NULL,'The Importance of da''wah', NULL);    
Insert into TEST_TUTORIAL_QUESTION_ANS
   (TEST_TUTORIAL_QUESTION_ANS_ID, TEST_TUTORIAL_MODULES_ID, PAGE_NUMBER, PAGE_TEXT, PAGE_AUDIO, 
    PAGE_VIDEO, QUESTION, QUESTION_CORRECT_ANSWER, QUESTION_OPTION_ANSWER_A, QUESTION_OPTION_ANSWER_B, 
    QUESTION_OPTION_ANSWER_C, QUESTION_OPTION_ANSWER_D, QUESTION_OPTION_ANSWER_E, QUESTION_OPTION_ANSWER_F, RECORD_CREATOR_ID, 
    RECORD_CREATE_DATE, RECORD_LAST_UPDATER_ID, RECORD_LAST_UPDATED_DATE, AUDIO_FILE_NAME, VIDEO_FILE_NAME, 
    PAGE_TITLE, ISQUESTION)
Values (3, 1, 3, NULL, NULL,NULL, NULL, NULL, NULL, NULL,NULL, NULL, NULL, NULL, '1', 
    TO_DATE('08/10/2009 02:02:22', 'MM/DD/YYYY HH24:MI:SS'), '1', TO_DATE('08/10/2009 02:02:22', 
    'MM/DD/YYYY HH24:MI:SS'), 'pages/secure/media/m_1_page_3.swf', NULL,'Lessons from the qur''an -1', NULL);
Insert into TEST_TUTORIAL_QUESTION_ANS
   (TEST_TUTORIAL_QUESTION_ANS_ID, TEST_TUTORIAL_MODULES_ID, PAGE_NUMBER, PAGE_TEXT, PAGE_AUDIO, 
    PAGE_VIDEO, QUESTION, QUESTION_CORRECT_ANSWER, QUESTION_OPTION_ANSWER_A, QUESTION_OPTION_ANSWER_B, 
    QUESTION_OPTION_ANSWER_C, QUESTION_OPTION_ANSWER_D, QUESTION_OPTION_ANSWER_E, QUESTION_OPTION_ANSWER_F, RECORD_CREATOR_ID, 
    RECORD_CREATE_DATE, RECORD_LAST_UPDATER_ID, RECORD_LAST_UPDATED_DATE, AUDIO_FILE_NAME, VIDEO_FILE_NAME, 
    PAGE_TITLE, ISQUESTION)
Values (4, 1, 4, NULL, NULL,NULL, NULL, NULL, NULL, NULL,NULL, NULL, NULL, NULL, '1', 
    TO_DATE('08/10/2009 02:02:22', 'MM/DD/YYYY HH24:MI:SS'), '1', TO_DATE('08/10/2009 02:02:22', 
    'MM/DD/YYYY HH24:MI:SS'), 'pages/secure/media/m_1_page_4.swf', NULL,'Lessons from the qur''an -2', NULL);
Insert into TEST_TUTORIAL_QUESTION_ANS
   (TEST_TUTORIAL_QUESTION_ANS_ID, TEST_TUTORIAL_MODULES_ID, PAGE_NUMBER, PAGE_TEXT, PAGE_AUDIO, 
    PAGE_VIDEO, QUESTION, QUESTION_CORRECT_ANSWER, QUESTION_OPTION_ANSWER_A, QUESTION_OPTION_ANSWER_B, 
    QUESTION_OPTION_ANSWER_C, QUESTION_OPTION_ANSWER_D, QUESTION_OPTION_ANSWER_E, QUESTION_OPTION_ANSWER_F, RECORD_CREATOR_ID, 
    RECORD_CREATE_DATE, RECORD_LAST_UPDATER_ID, RECORD_LAST_UPDATED_DATE, AUDIO_FILE_NAME, VIDEO_FILE_NAME, 
    PAGE_TITLE, ISQUESTION)
Values (5, 1, 5, NULL, NULL,NULL, NULL, NULL, NULL, NULL,NULL, NULL, NULL, NULL, '1', 
    TO_DATE('08/10/2009 02:02:22', 'MM/DD/YYYY HH24:MI:SS'), '1', TO_DATE('08/10/2009 02:02:22', 
    'MM/DD/YYYY HH24:MI:SS'), 'pages/secure/media/m_1_page_5.swf', NULL,'Lessons from the qur''an -3', NULL);
Insert into TEST_TUTORIAL_QUESTION_ANS
   (TEST_TUTORIAL_QUESTION_ANS_ID, TEST_TUTORIAL_MODULES_ID, PAGE_NUMBER, PAGE_TEXT, PAGE_AUDIO, 
    PAGE_VIDEO, QUESTION, QUESTION_CORRECT_ANSWER, QUESTION_OPTION_ANSWER_A, QUESTION_OPTION_ANSWER_B, 
    QUESTION_OPTION_ANSWER_C, QUESTION_OPTION_ANSWER_D, QUESTION_OPTION_ANSWER_E, QUESTION_OPTION_ANSWER_F, RECORD_CREATOR_ID, 
    RECORD_CREATE_DATE, RECORD_LAST_UPDATER_ID, RECORD_LAST_UPDATED_DATE, AUDIO_FILE_NAME, VIDEO_FILE_NAME, 
    PAGE_TITLE, ISQUESTION)
Values (6, 1, 6, NULL, NULL,NULL, NULL, NULL, NULL, NULL,NULL, NULL, NULL, NULL, '1', 
    TO_DATE('08/10/2009 02:02:22', 'MM/DD/YYYY HH24:MI:SS'), '1', TO_DATE('08/10/2009 02:02:22', 
    'MM/DD/YYYY HH24:MI:SS'), 'pages/secure/media/m_1_page_6.swf', NULL,'Lessons from the qur''an -3', NULL);    
Insert into TEST_TUTORIAL_QUESTION_ANS
   (TEST_TUTORIAL_QUESTION_ANS_ID, TEST_TUTORIAL_MODULES_ID, PAGE_NUMBER, PAGE_TEXT, PAGE_AUDIO, 
    PAGE_VIDEO, QUESTION, QUESTION_CORRECT_ANSWER, QUESTION_OPTION_ANSWER_A, QUESTION_OPTION_ANSWER_B, 
    QUESTION_OPTION_ANSWER_C, QUESTION_OPTION_ANSWER_D, QUESTION_OPTION_ANSWER_E, QUESTION_OPTION_ANSWER_F, RECORD_CREATOR_ID, 
    RECORD_CREATE_DATE, RECORD_LAST_UPDATER_ID, RECORD_LAST_UPDATED_DATE, AUDIO_FILE_NAME, VIDEO_FILE_NAME, 
    PAGE_TITLE, ISQUESTION)
Values (7, 1, 7, NULL, NULL,NULL, NULL, NULL, NULL, NULL,NULL, NULL, NULL, NULL, '1', 
    TO_DATE('08/10/2009 02:02:22', 'MM/DD/YYYY HH24:MI:SS'), '1', TO_DATE('08/10/2009 02:02:22', 
    'MM/DD/YYYY HH24:MI:SS'), 'pages/secure/media/m_1_page_7.swf', NULL,'Lessons from the Ahadith', NULL); 
    
-- Tutorial page for module 2    
Insert into TEST_TUTORIAL_QUESTION_ANS
   (TEST_TUTORIAL_QUESTION_ANS_ID, TEST_TUTORIAL_MODULES_ID, PAGE_NUMBER, PAGE_TEXT, PAGE_AUDIO, 
    PAGE_VIDEO, QUESTION, QUESTION_CORRECT_ANSWER, QUESTION_OPTION_ANSWER_A, QUESTION_OPTION_ANSWER_B, 
    QUESTION_OPTION_ANSWER_C, QUESTION_OPTION_ANSWER_D, QUESTION_OPTION_ANSWER_E, QUESTION_OPTION_ANSWER_F, RECORD_CREATOR_ID, 
    RECORD_CREATE_DATE, RECORD_LAST_UPDATER_ID, RECORD_LAST_UPDATED_DATE, AUDIO_FILE_NAME, VIDEO_FILE_NAME, 
    PAGE_TITLE, ISQUESTION)
Values (8, 2, 1, NULL, NULL,NULL, NULL, NULL, NULL, NULL,NULL, NULL, NULL, NULL, '1', 
    TO_DATE('08/10/2009 02:02:22', 'MM/DD/YYYY HH24:MI:SS'), '1', TO_DATE('08/10/2009 02:02:22', 
    'MM/DD/YYYY HH24:MI:SS'), 'pages/secure/media/m2/m_2_page_2.swf', NULL,'Module 2 – Challenges to Successful Da''Wah', NULL);     
Insert into TEST_TUTORIAL_QUESTION_ANS
   (TEST_TUTORIAL_QUESTION_ANS_ID, TEST_TUTORIAL_MODULES_ID, PAGE_NUMBER, PAGE_TEXT, PAGE_AUDIO, 
    PAGE_VIDEO, QUESTION, QUESTION_CORRECT_ANSWER, QUESTION_OPTION_ANSWER_A, QUESTION_OPTION_ANSWER_B, 
    QUESTION_OPTION_ANSWER_C, QUESTION_OPTION_ANSWER_D, QUESTION_OPTION_ANSWER_E, QUESTION_OPTION_ANSWER_F, RECORD_CREATOR_ID, 
    RECORD_CREATE_DATE, RECORD_LAST_UPDATER_ID, RECORD_LAST_UPDATED_DATE, AUDIO_FILE_NAME, VIDEO_FILE_NAME, 
    PAGE_TITLE, ISQUESTION)
Values (9, 2, 2, NULL, NULL,NULL, NULL, NULL, NULL, NULL,NULL, NULL, NULL, NULL, '1', 
    TO_DATE('08/10/2009 02:02:22', 'MM/DD/YYYY HH24:MI:SS'), '1', TO_DATE('08/10/2009 02:02:22', 
    'MM/DD/YYYY HH24:MI:SS'), 'pages/secure/media/m2/m_2_page_3.swf', NULL,'Challenges to Successful Da''Wah', NULL);     
Insert into TEST_TUTORIAL_QUESTION_ANS
   (TEST_TUTORIAL_QUESTION_ANS_ID, TEST_TUTORIAL_MODULES_ID, PAGE_NUMBER, PAGE_TEXT, PAGE_AUDIO, 
    PAGE_VIDEO, QUESTION, QUESTION_CORRECT_ANSWER, QUESTION_OPTION_ANSWER_A, QUESTION_OPTION_ANSWER_B, 
    QUESTION_OPTION_ANSWER_C, QUESTION_OPTION_ANSWER_D, QUESTION_OPTION_ANSWER_E, QUESTION_OPTION_ANSWER_F, RECORD_CREATOR_ID, 
    RECORD_CREATE_DATE, RECORD_LAST_UPDATER_ID, RECORD_LAST_UPDATED_DATE, AUDIO_FILE_NAME, VIDEO_FILE_NAME, 
    PAGE_TITLE, ISQUESTION)
Values (10, 2, 3, NULL, NULL,NULL, NULL, NULL, NULL, NULL,NULL, NULL, NULL, NULL, '1', 
    TO_DATE('08/10/2009 02:02:22', 'MM/DD/YYYY HH24:MI:SS'), '1', TO_DATE('08/10/2009 02:02:22', 
    'MM/DD/YYYY HH24:MI:SS'), 'pages/secure/media/m2/m_2_page_4.swf', NULL,'Challenges Faced in Searching for Islam', NULL);     
Insert into TEST_TUTORIAL_QUESTION_ANS
   (TEST_TUTORIAL_QUESTION_ANS_ID, TEST_TUTORIAL_MODULES_ID, PAGE_NUMBER, PAGE_TEXT, PAGE_AUDIO, 
    PAGE_VIDEO, QUESTION, QUESTION_CORRECT_ANSWER, QUESTION_OPTION_ANSWER_A, QUESTION_OPTION_ANSWER_B, 
    QUESTION_OPTION_ANSWER_C, QUESTION_OPTION_ANSWER_D, QUESTION_OPTION_ANSWER_E, QUESTION_OPTION_ANSWER_F, RECORD_CREATOR_ID, 
    RECORD_CREATE_DATE, RECORD_LAST_UPDATER_ID, RECORD_LAST_UPDATED_DATE, AUDIO_FILE_NAME, VIDEO_FILE_NAME, 
    PAGE_TITLE, ISQUESTION)
Values (11, 2, 4, NULL, NULL,NULL, NULL, NULL, NULL, NULL,NULL, NULL, NULL, NULL, '1', 
    TO_DATE('08/10/2009 02:02:22', 'MM/DD/YYYY HH24:MI:SS'), '1', TO_DATE('08/10/2009 02:02:22', 
    'MM/DD/YYYY HH24:MI:SS'), 'pages/secure/media/m2/m_2_page_5.swf', NULL,'Stereotypes – Background Research and Scale Development.', NULL);     
Insert into TEST_TUTORIAL_QUESTION_ANS
   (TEST_TUTORIAL_QUESTION_ANS_ID, TEST_TUTORIAL_MODULES_ID, PAGE_NUMBER, PAGE_TEXT, PAGE_AUDIO, 
    PAGE_VIDEO, QUESTION, QUESTION_CORRECT_ANSWER, QUESTION_OPTION_ANSWER_A, QUESTION_OPTION_ANSWER_B, 
    QUESTION_OPTION_ANSWER_C, QUESTION_OPTION_ANSWER_D, QUESTION_OPTION_ANSWER_E, QUESTION_OPTION_ANSWER_F, RECORD_CREATOR_ID, 
    RECORD_CREATE_DATE, RECORD_LAST_UPDATER_ID, RECORD_LAST_UPDATED_DATE, AUDIO_FILE_NAME, VIDEO_FILE_NAME, 
    PAGE_TITLE, ISQUESTION)
Values (12, 2, 5, NULL, NULL,NULL, NULL, NULL, NULL, NULL,NULL, NULL, NULL, NULL, '1', 
    TO_DATE('08/10/2009 02:02:22', 'MM/DD/YYYY HH24:MI:SS'), '1', TO_DATE('08/10/2009 02:02:22', 
    'MM/DD/YYYY HH24:MI:SS'), 'pages/secure/media/m2/m_2_page_6.swf', NULL,'Stereotypes – Background Research and Scale Development.', NULL);     
Insert into TEST_TUTORIAL_QUESTION_ANS
   (TEST_TUTORIAL_QUESTION_ANS_ID, TEST_TUTORIAL_MODULES_ID, PAGE_NUMBER, PAGE_TEXT, PAGE_AUDIO, 
    PAGE_VIDEO, QUESTION, QUESTION_CORRECT_ANSWER, QUESTION_OPTION_ANSWER_A, QUESTION_OPTION_ANSWER_B, 
    QUESTION_OPTION_ANSWER_C, QUESTION_OPTION_ANSWER_D, QUESTION_OPTION_ANSWER_E, QUESTION_OPTION_ANSWER_F, RECORD_CREATOR_ID, 
    RECORD_CREATE_DATE, RECORD_LAST_UPDATER_ID, RECORD_LAST_UPDATED_DATE, AUDIO_FILE_NAME, VIDEO_FILE_NAME, 
    PAGE_TITLE, ISQUESTION)
Values (13, 2, 6, NULL, NULL,NULL, NULL, NULL, NULL, NULL,NULL, NULL, NULL, NULL, '1', 
    TO_DATE('08/10/2009 02:02:22', 'MM/DD/YYYY HH24:MI:SS'), '1', TO_DATE('08/10/2009 02:02:22', 
    'MM/DD/YYYY HH24:MI:SS'), 'pages/secure/media/m2/m_2_page_7.swf', NULL,'Stereotypes – Background Research and Scale Development.', NULL);     
Insert into TEST_TUTORIAL_QUESTION_ANS
   (TEST_TUTORIAL_QUESTION_ANS_ID, TEST_TUTORIAL_MODULES_ID, PAGE_NUMBER, PAGE_TEXT, PAGE_AUDIO, 
    PAGE_VIDEO, QUESTION, QUESTION_CORRECT_ANSWER, QUESTION_OPTION_ANSWER_A, QUESTION_OPTION_ANSWER_B, 
    QUESTION_OPTION_ANSWER_C, QUESTION_OPTION_ANSWER_D, QUESTION_OPTION_ANSWER_E, QUESTION_OPTION_ANSWER_F, RECORD_CREATOR_ID, 
    RECORD_CREATE_DATE, RECORD_LAST_UPDATER_ID, RECORD_LAST_UPDATED_DATE, AUDIO_FILE_NAME, VIDEO_FILE_NAME, 
    PAGE_TITLE, ISQUESTION)
Values (14, 2, 7, NULL, NULL,NULL, NULL, NULL, NULL, NULL,NULL, NULL, NULL, NULL, '1', 
    TO_DATE('08/10/2009 02:02:22', 'MM/DD/YYYY HH24:MI:SS'), '1', TO_DATE('08/10/2009 02:02:22', 
    'MM/DD/YYYY HH24:MI:SS'), 'pages/secure/media/m2/m_2_page_8.swf', NULL,'Stereotypes – Research Result', NULL);     
Insert into TEST_TUTORIAL_QUESTION_ANS
   (TEST_TUTORIAL_QUESTION_ANS_ID, TEST_TUTORIAL_MODULES_ID, PAGE_NUMBER, PAGE_TEXT, PAGE_AUDIO, 
    PAGE_VIDEO, QUESTION, QUESTION_CORRECT_ANSWER, QUESTION_OPTION_ANSWER_A, QUESTION_OPTION_ANSWER_B, 
    QUESTION_OPTION_ANSWER_C, QUESTION_OPTION_ANSWER_D, QUESTION_OPTION_ANSWER_E, QUESTION_OPTION_ANSWER_F, RECORD_CREATOR_ID, 
    RECORD_CREATE_DATE, RECORD_LAST_UPDATER_ID, RECORD_LAST_UPDATED_DATE, AUDIO_FILE_NAME, VIDEO_FILE_NAME, 
    PAGE_TITLE, ISQUESTION)
Values (15, 2, 8, NULL, NULL,NULL, NULL, NULL, NULL, NULL,NULL, NULL, NULL, NULL, '1', 
    TO_DATE('08/10/2009 02:02:22', 'MM/DD/YYYY HH24:MI:SS'), '1', TO_DATE('08/10/2009 02:02:22', 
    'MM/DD/YYYY HH24:MI:SS'), 'pages/secure/media/m2/m_2_page_9.swf', NULL,'Stereotypes – Muslims Are More Likely Than Christians', NULL);     
Insert into TEST_TUTORIAL_QUESTION_ANS
   (TEST_TUTORIAL_QUESTION_ANS_ID, TEST_TUTORIAL_MODULES_ID, PAGE_NUMBER, PAGE_TEXT, PAGE_AUDIO, 
    PAGE_VIDEO, QUESTION, QUESTION_CORRECT_ANSWER, QUESTION_OPTION_ANSWER_A, QUESTION_OPTION_ANSWER_B, 
    QUESTION_OPTION_ANSWER_C, QUESTION_OPTION_ANSWER_D, QUESTION_OPTION_ANSWER_E, QUESTION_OPTION_ANSWER_F, RECORD_CREATOR_ID, 
    RECORD_CREATE_DATE, RECORD_LAST_UPDATER_ID, RECORD_LAST_UPDATED_DATE, AUDIO_FILE_NAME, VIDEO_FILE_NAME, 
    PAGE_TITLE, ISQUESTION)
Values (16, 2, 9, NULL, NULL,NULL, NULL, NULL, NULL, NULL,NULL, NULL, NULL, NULL, '1', 
    TO_DATE('08/10/2009 02:02:22', 'MM/DD/YYYY HH24:MI:SS'), '1', TO_DATE('08/10/2009 02:02:22', 
    'MM/DD/YYYY HH24:MI:SS'), 'pages/secure/media/m2/m_2_page_10.swf', NULL,'Unfriendly Mosques', NULL);     
Insert into TEST_TUTORIAL_QUESTION_ANS
   (TEST_TUTORIAL_QUESTION_ANS_ID, TEST_TUTORIAL_MODULES_ID, PAGE_NUMBER, PAGE_TEXT, PAGE_AUDIO, 
    PAGE_VIDEO, QUESTION, QUESTION_CORRECT_ANSWER, QUESTION_OPTION_ANSWER_A, QUESTION_OPTION_ANSWER_B, 
    QUESTION_OPTION_ANSWER_C, QUESTION_OPTION_ANSWER_D, QUESTION_OPTION_ANSWER_E, QUESTION_OPTION_ANSWER_F, RECORD_CREATOR_ID, 
    RECORD_CREATE_DATE, RECORD_LAST_UPDATER_ID, RECORD_LAST_UPDATED_DATE, AUDIO_FILE_NAME, VIDEO_FILE_NAME, 
    PAGE_TITLE, ISQUESTION)
Values (17, 2, 10, NULL, NULL,NULL, NULL, NULL, NULL, NULL,NULL, NULL, NULL, NULL, '1', 
    TO_DATE('08/10/2009 02:02:22', 'MM/DD/YYYY HH24:MI:SS'), '1', TO_DATE('08/10/2009 02:02:22', 
    'MM/DD/YYYY HH24:MI:SS'), 'pages/secure/media/m2/m_2_page_11.swf', NULL,'Distortions of Islam by the Media and on the Internet', NULL);     
Insert into TEST_TUTORIAL_QUESTION_ANS
   (TEST_TUTORIAL_QUESTION_ANS_ID, TEST_TUTORIAL_MODULES_ID, PAGE_NUMBER, PAGE_TEXT, PAGE_AUDIO, 
    PAGE_VIDEO, QUESTION, QUESTION_CORRECT_ANSWER, QUESTION_OPTION_ANSWER_A, QUESTION_OPTION_ANSWER_B, 
    QUESTION_OPTION_ANSWER_C, QUESTION_OPTION_ANSWER_D, QUESTION_OPTION_ANSWER_E, QUESTION_OPTION_ANSWER_F, RECORD_CREATOR_ID, 
    RECORD_CREATE_DATE, RECORD_LAST_UPDATER_ID, RECORD_LAST_UPDATED_DATE, AUDIO_FILE_NAME, VIDEO_FILE_NAME, 
    PAGE_TITLE, ISQUESTION)
Values (18, 2, 11, NULL, NULL,NULL, NULL, NULL, NULL, NULL,NULL, NULL, NULL, NULL, '1', 
    TO_DATE('08/10/2009 02:02:22', 'MM/DD/YYYY HH24:MI:SS'), '1', TO_DATE('08/10/2009 02:02:22', 
    'MM/DD/YYYY HH24:MI:SS'), 'pages/secure/media/m2/m_2_page_12.swf', NULL,'Distortions of Islam by the Media and on the Internet', NULL);     
Insert into TEST_TUTORIAL_QUESTION_ANS
   (TEST_TUTORIAL_QUESTION_ANS_ID, TEST_TUTORIAL_MODULES_ID, PAGE_NUMBER, PAGE_TEXT, PAGE_AUDIO, 
    PAGE_VIDEO, QUESTION, QUESTION_CORRECT_ANSWER, QUESTION_OPTION_ANSWER_A, QUESTION_OPTION_ANSWER_B, 
    QUESTION_OPTION_ANSWER_C, QUESTION_OPTION_ANSWER_D, QUESTION_OPTION_ANSWER_E, QUESTION_OPTION_ANSWER_F, RECORD_CREATOR_ID, 
    RECORD_CREATE_DATE, RECORD_LAST_UPDATER_ID, RECORD_LAST_UPDATED_DATE, AUDIO_FILE_NAME, VIDEO_FILE_NAME, 
    PAGE_TITLE, ISQUESTION)
Values (19, 2, 12, NULL, NULL,NULL, NULL, NULL, NULL, NULL,NULL, NULL, NULL, NULL, '1', 
    TO_DATE('08/10/2009 02:02:22', 'MM/DD/YYYY HH24:MI:SS'), '1', TO_DATE('08/10/2009 02:02:22', 
    'MM/DD/YYYY HH24:MI:SS'), 'pages/secure/media/m2/m_2_page_13.swf', NULL,'The Myth of America Being Founded as a Christian Nation', NULL);     
Insert into TEST_TUTORIAL_QUESTION_ANS
   (TEST_TUTORIAL_QUESTION_ANS_ID, TEST_TUTORIAL_MODULES_ID, PAGE_NUMBER, PAGE_TEXT, PAGE_AUDIO, 
    PAGE_VIDEO, QUESTION, QUESTION_CORRECT_ANSWER, QUESTION_OPTION_ANSWER_A, QUESTION_OPTION_ANSWER_B, 
    QUESTION_OPTION_ANSWER_C, QUESTION_OPTION_ANSWER_D, QUESTION_OPTION_ANSWER_E, QUESTION_OPTION_ANSWER_F, RECORD_CREATOR_ID, 
    RECORD_CREATE_DATE, RECORD_LAST_UPDATER_ID, RECORD_LAST_UPDATED_DATE, AUDIO_FILE_NAME, VIDEO_FILE_NAME, 
    PAGE_TITLE, ISQUESTION)
Values (20, 2, 13, NULL, NULL,NULL, NULL, NULL, NULL, NULL,NULL, NULL, NULL, NULL, '1', 
    TO_DATE('08/10/2009 02:02:22', 'MM/DD/YYYY HH24:MI:SS'), '1', TO_DATE('08/10/2009 02:02:22', 
    'MM/DD/YYYY HH24:MI:SS'), 'pages/secure/media/m2/m_2_page_14.swf', NULL,'Page 14', NULL);     
Insert into TEST_TUTORIAL_QUESTION_ANS
   (TEST_TUTORIAL_QUESTION_ANS_ID, TEST_TUTORIAL_MODULES_ID, PAGE_NUMBER, PAGE_TEXT, PAGE_AUDIO, 
    PAGE_VIDEO, QUESTION, QUESTION_CORRECT_ANSWER, QUESTION_OPTION_ANSWER_A, QUESTION_OPTION_ANSWER_B, 
    QUESTION_OPTION_ANSWER_C, QUESTION_OPTION_ANSWER_D, QUESTION_OPTION_ANSWER_E, QUESTION_OPTION_ANSWER_F, RECORD_CREATOR_ID, 
    RECORD_CREATE_DATE, RECORD_LAST_UPDATER_ID, RECORD_LAST_UPDATED_DATE, AUDIO_FILE_NAME, VIDEO_FILE_NAME, 
    PAGE_TITLE, ISQUESTION)
Values (21, 2, 14, NULL, NULL,NULL, NULL, NULL, NULL, NULL,NULL, NULL, NULL, NULL, '1', 
    TO_DATE('08/10/2009 02:02:22', 'MM/DD/YYYY HH24:MI:SS'), '1', TO_DATE('08/10/2009 02:02:22', 
    'MM/DD/YYYY HH24:MI:SS'), 'pages/secure/media/m2/m_2_page_15.swf', NULL,'Page 15', NULL);     
Insert into TEST_TUTORIAL_QUESTION_ANS
   (TEST_TUTORIAL_QUESTION_ANS_ID, TEST_TUTORIAL_MODULES_ID, PAGE_NUMBER, PAGE_TEXT, PAGE_AUDIO, 
    PAGE_VIDEO, QUESTION, QUESTION_CORRECT_ANSWER, QUESTION_OPTION_ANSWER_A, QUESTION_OPTION_ANSWER_B, 
    QUESTION_OPTION_ANSWER_C, QUESTION_OPTION_ANSWER_D, QUESTION_OPTION_ANSWER_E, QUESTION_OPTION_ANSWER_F, RECORD_CREATOR_ID, 
    RECORD_CREATE_DATE, RECORD_LAST_UPDATER_ID, RECORD_LAST_UPDATED_DATE, AUDIO_FILE_NAME, VIDEO_FILE_NAME, 
    PAGE_TITLE, ISQUESTION)
Values (22, 2, 15, NULL, NULL,NULL, NULL, NULL, NULL, NULL,NULL, NULL, NULL, NULL, '1', 
    TO_DATE('08/10/2009 02:02:22', 'MM/DD/YYYY HH24:MI:SS'), '1', TO_DATE('08/10/2009 02:02:22', 
    'MM/DD/YYYY HH24:MI:SS'), 'pages/secure/media/m2/m_2_page_16.swf', NULL,'Page 16', NULL);     
Insert into TEST_TUTORIAL_QUESTION_ANS
   (TEST_TUTORIAL_QUESTION_ANS_ID, TEST_TUTORIAL_MODULES_ID, PAGE_NUMBER, PAGE_TEXT, PAGE_AUDIO, 
    PAGE_VIDEO, QUESTION, QUESTION_CORRECT_ANSWER, QUESTION_OPTION_ANSWER_A, QUESTION_OPTION_ANSWER_B, 
    QUESTION_OPTION_ANSWER_C, QUESTION_OPTION_ANSWER_D, QUESTION_OPTION_ANSWER_E, QUESTION_OPTION_ANSWER_F, RECORD_CREATOR_ID, 
    RECORD_CREATE_DATE, RECORD_LAST_UPDATER_ID, RECORD_LAST_UPDATED_DATE, AUDIO_FILE_NAME, VIDEO_FILE_NAME, 
    PAGE_TITLE, ISQUESTION)
Values (23, 2, 16, NULL, NULL,NULL, NULL, NULL, NULL, NULL,NULL, NULL, NULL, NULL, '1', 
    TO_DATE('08/10/2009 02:02:22', 'MM/DD/YYYY HH24:MI:SS'), '1', TO_DATE('08/10/2009 02:02:22', 
    'MM/DD/YYYY HH24:MI:SS'), 'pages/secure/media/m2/m_2_page_17.swf', NULL,'Page 17', NULL);     
Insert into TEST_TUTORIAL_QUESTION_ANS
   (TEST_TUTORIAL_QUESTION_ANS_ID, TEST_TUTORIAL_MODULES_ID, PAGE_NUMBER, PAGE_TEXT, PAGE_AUDIO, 
    PAGE_VIDEO, QUESTION, QUESTION_CORRECT_ANSWER, QUESTION_OPTION_ANSWER_A, QUESTION_OPTION_ANSWER_B, 
    QUESTION_OPTION_ANSWER_C, QUESTION_OPTION_ANSWER_D, QUESTION_OPTION_ANSWER_E, QUESTION_OPTION_ANSWER_F, RECORD_CREATOR_ID, 
    RECORD_CREATE_DATE, RECORD_LAST_UPDATER_ID, RECORD_LAST_UPDATED_DATE, AUDIO_FILE_NAME, VIDEO_FILE_NAME, 
    PAGE_TITLE, ISQUESTION)
Values (24, 2, 17, NULL, NULL,NULL, NULL, NULL, NULL, NULL,NULL, NULL, NULL, NULL, '1', 
    TO_DATE('08/10/2009 02:02:22', 'MM/DD/YYYY HH24:MI:SS'), '1', TO_DATE('08/10/2009 02:02:22', 
    'MM/DD/YYYY HH24:MI:SS'), 'pages/secure/media/m2/m_2_page_18.swf', NULL,'Reducing Islam to a Long -', NULL);     
Insert into TEST_TUTORIAL_QUESTION_ANS
   (TEST_TUTORIAL_QUESTION_ANS_ID, TEST_TUTORIAL_MODULES_ID, PAGE_NUMBER, PAGE_TEXT, PAGE_AUDIO, 
    PAGE_VIDEO, QUESTION, QUESTION_CORRECT_ANSWER, QUESTION_OPTION_ANSWER_A, QUESTION_OPTION_ANSWER_B, 
    QUESTION_OPTION_ANSWER_C, QUESTION_OPTION_ANSWER_D, QUESTION_OPTION_ANSWER_E, QUESTION_OPTION_ANSWER_F, RECORD_CREATOR_ID, 
    RECORD_CREATE_DATE, RECORD_LAST_UPDATER_ID, RECORD_LAST_UPDATED_DATE, AUDIO_FILE_NAME, VIDEO_FILE_NAME, 
    PAGE_TITLE, ISQUESTION)
Values (25, 2, 18, NULL, NULL,NULL, NULL, NULL, NULL, NULL,NULL, NULL, NULL, NULL, '1', 
    TO_DATE('08/10/2009 02:02:22', 'MM/DD/YYYY HH24:MI:SS'), '1', TO_DATE('08/10/2009 02:02:22', 
    'MM/DD/YYYY HH24:MI:SS'), 'pages/secure/media/m2/m_2_page_19.swf', NULL,'Additional Challenges', NULL);     
Insert into TEST_TUTORIAL_QUESTION_ANS
   (TEST_TUTORIAL_QUESTION_ANS_ID, TEST_TUTORIAL_MODULES_ID, PAGE_NUMBER, PAGE_TEXT, PAGE_AUDIO, 
    PAGE_VIDEO, QUESTION, QUESTION_CORRECT_ANSWER, QUESTION_OPTION_ANSWER_A, QUESTION_OPTION_ANSWER_B, 
    QUESTION_OPTION_ANSWER_C, QUESTION_OPTION_ANSWER_D, QUESTION_OPTION_ANSWER_E, QUESTION_OPTION_ANSWER_F, RECORD_CREATOR_ID, 
    RECORD_CREATE_DATE, RECORD_LAST_UPDATER_ID, RECORD_LAST_UPDATED_DATE, AUDIO_FILE_NAME, VIDEO_FILE_NAME, 
    PAGE_TITLE, ISQUESTION)
Values (26, 2, 19, NULL, NULL,NULL, NULL, NULL, NULL, NULL,NULL, NULL, NULL, NULL, '1', 
    TO_DATE('08/10/2009 02:02:22', 'MM/DD/YYYY HH24:MI:SS'), '1', TO_DATE('08/10/2009 02:02:22', 
    'MM/DD/YYYY HH24:MI:SS'), 'pages/secure/media/m2/m_2_page_20.swf', NULL,'Forcing the Youth to be Foreigners', NULL);
    
-- Tutorial page for module 3
Insert into TEST_TUTORIAL_QUESTION_ANS
   (TEST_TUTORIAL_QUESTION_ANS_ID, TEST_TUTORIAL_MODULES_ID, PAGE_NUMBER, PAGE_TEXT, PAGE_AUDIO, 
    PAGE_VIDEO, QUESTION, QUESTION_CORRECT_ANSWER, QUESTION_OPTION_ANSWER_A, QUESTION_OPTION_ANSWER_B, 
    QUESTION_OPTION_ANSWER_C, QUESTION_OPTION_ANSWER_D, QUESTION_OPTION_ANSWER_E, QUESTION_OPTION_ANSWER_F, RECORD_CREATOR_ID, 
    RECORD_CREATE_DATE, RECORD_LAST_UPDATER_ID, RECORD_LAST_UPDATED_DATE, AUDIO_FILE_NAME, VIDEO_FILE_NAME, 
    PAGE_TITLE, ISQUESTION)
Values (27, 3, 1, NULL, NULL,NULL, NULL, NULL, NULL, NULL,NULL, NULL, NULL, NULL, '1', 
    TO_DATE('08/10/2009 02:02:22', 'MM/DD/YYYY HH24:MI:SS'), '1', TO_DATE('08/10/2009 02:02:22', 
    'MM/DD/YYYY HH24:MI:SS'), 'pages/secure/media/m_3_page_2.swf', NULL,'Module 3 - Goals and Types of Da''wah', NULL);
Insert into TEST_TUTORIAL_QUESTION_ANS
   (TEST_TUTORIAL_QUESTION_ANS_ID, TEST_TUTORIAL_MODULES_ID, PAGE_NUMBER, PAGE_TEXT, PAGE_AUDIO, 
    PAGE_VIDEO, QUESTION, QUESTION_CORRECT_ANSWER, QUESTION_OPTION_ANSWER_A, QUESTION_OPTION_ANSWER_B, 
    QUESTION_OPTION_ANSWER_C, QUESTION_OPTION_ANSWER_D, QUESTION_OPTION_ANSWER_E, QUESTION_OPTION_ANSWER_F, RECORD_CREATOR_ID, 
    RECORD_CREATE_DATE, RECORD_LAST_UPDATER_ID, RECORD_LAST_UPDATED_DATE, AUDIO_FILE_NAME, VIDEO_FILE_NAME, 
    PAGE_TITLE, ISQUESTION)
Values (28, 3, 2, NULL, NULL,NULL, NULL, NULL, NULL, NULL,NULL, NULL, NULL, NULL, '1', 
    TO_DATE('08/10/2009 02:02:22', 'MM/DD/YYYY HH24:MI:SS'), '1', TO_DATE('08/10/2009 02:02:22', 
    'MM/DD/YYYY HH24:MI:SS'), 'pages/secure/media/m_3_page_3.swf', NULL,'Module 3 - Goals of Da''wah', NULL);
Insert into TEST_TUTORIAL_QUESTION_ANS
   (TEST_TUTORIAL_QUESTION_ANS_ID, TEST_TUTORIAL_MODULES_ID, PAGE_NUMBER, PAGE_TEXT, PAGE_AUDIO, 
    PAGE_VIDEO, QUESTION, QUESTION_CORRECT_ANSWER, QUESTION_OPTION_ANSWER_A, QUESTION_OPTION_ANSWER_B, 
    QUESTION_OPTION_ANSWER_C, QUESTION_OPTION_ANSWER_D, QUESTION_OPTION_ANSWER_E, QUESTION_OPTION_ANSWER_F, RECORD_CREATOR_ID, 
    RECORD_CREATE_DATE, RECORD_LAST_UPDATER_ID, RECORD_LAST_UPDATED_DATE, AUDIO_FILE_NAME, VIDEO_FILE_NAME, 
    PAGE_TITLE, ISQUESTION)
Values (29, 3, 3, NULL, NULL,NULL, NULL, NULL, NULL, NULL,NULL, NULL, NULL, NULL, '1', 
    TO_DATE('08/10/2009 02:02:22', 'MM/DD/YYYY HH24:MI:SS'), '1', TO_DATE('08/10/2009 02:02:22', 
    'MM/DD/YYYY HH24:MI:SS'), 'pages/secure/media/m_3_page_4.swf', NULL,'Types of Da''wah', NULL);
Insert into TEST_TUTORIAL_QUESTION_ANS
   (TEST_TUTORIAL_QUESTION_ANS_ID, TEST_TUTORIAL_MODULES_ID, PAGE_NUMBER, PAGE_TEXT, PAGE_AUDIO, 
    PAGE_VIDEO, QUESTION, QUESTION_CORRECT_ANSWER, QUESTION_OPTION_ANSWER_A, QUESTION_OPTION_ANSWER_B, 
    QUESTION_OPTION_ANSWER_C, QUESTION_OPTION_ANSWER_D, QUESTION_OPTION_ANSWER_E, QUESTION_OPTION_ANSWER_F, RECORD_CREATOR_ID, 
    RECORD_CREATE_DATE, RECORD_LAST_UPDATER_ID, RECORD_LAST_UPDATED_DATE, AUDIO_FILE_NAME, VIDEO_FILE_NAME, 
    PAGE_TITLE, ISQUESTION)
Values (30, 3, 4, NULL, NULL,NULL, NULL, NULL, NULL, NULL,NULL, NULL, NULL, NULL, '1', 
    TO_DATE('08/10/2009 02:02:22', 'MM/DD/YYYY HH24:MI:SS'), '1', TO_DATE('08/10/2009 02:02:22', 
    'MM/DD/YYYY HH24:MI:SS'), 'pages/secure/media/m_3_page_5.swf', NULL,'The Role of Behavior', NULL);
Insert into TEST_TUTORIAL_QUESTION_ANS
   (TEST_TUTORIAL_QUESTION_ANS_ID, TEST_TUTORIAL_MODULES_ID, PAGE_NUMBER, PAGE_TEXT, PAGE_AUDIO, 
    PAGE_VIDEO, QUESTION, QUESTION_CORRECT_ANSWER, QUESTION_OPTION_ANSWER_A, QUESTION_OPTION_ANSWER_B, 
    QUESTION_OPTION_ANSWER_C, QUESTION_OPTION_ANSWER_D, QUESTION_OPTION_ANSWER_E, QUESTION_OPTION_ANSWER_F, RECORD_CREATOR_ID, 
    RECORD_CREATE_DATE, RECORD_LAST_UPDATER_ID, RECORD_LAST_UPDATED_DATE, AUDIO_FILE_NAME, VIDEO_FILE_NAME, 
    PAGE_TITLE, ISQUESTION)
Values (31, 3, 5, NULL, NULL,NULL, NULL, NULL, NULL, NULL,NULL, NULL, NULL, NULL, '1', 
    TO_DATE('08/10/2009 02:02:22', 'MM/DD/YYYY HH24:MI:SS'), '1', TO_DATE('08/10/2009 02:02:22', 
    'MM/DD/YYYY HH24:MI:SS'), 'pages/secure/media/m_3_page_6.swf', NULL,'The Role of Behavior -Some Positive Examples #1', NULL);
Insert into TEST_TUTORIAL_QUESTION_ANS
   (TEST_TUTORIAL_QUESTION_ANS_ID, TEST_TUTORIAL_MODULES_ID, PAGE_NUMBER, PAGE_TEXT, PAGE_AUDIO, 
    PAGE_VIDEO, QUESTION, QUESTION_CORRECT_ANSWER, QUESTION_OPTION_ANSWER_A, QUESTION_OPTION_ANSWER_B, 
    QUESTION_OPTION_ANSWER_C, QUESTION_OPTION_ANSWER_D, QUESTION_OPTION_ANSWER_E, QUESTION_OPTION_ANSWER_F, RECORD_CREATOR_ID, 
    RECORD_CREATE_DATE, RECORD_LAST_UPDATER_ID, RECORD_LAST_UPDATED_DATE, AUDIO_FILE_NAME, VIDEO_FILE_NAME, 
    PAGE_TITLE, ISQUESTION)
Values (32, 3, 6, NULL, NULL,NULL, NULL, NULL, NULL, NULL,NULL, NULL, NULL, NULL, '1', 
    TO_DATE('08/10/2009 02:02:22', 'MM/DD/YYYY HH24:MI:SS'), '1', TO_DATE('08/10/2009 02:02:22', 
    'MM/DD/YYYY HH24:MI:SS'), 'pages/secure/media/m_3_page_7.swf', NULL,'The Role of Behavior -Some Positive Examples #2', NULL);
Insert into TEST_TUTORIAL_QUESTION_ANS
   (TEST_TUTORIAL_QUESTION_ANS_ID, TEST_TUTORIAL_MODULES_ID, PAGE_NUMBER, PAGE_TEXT, PAGE_AUDIO, 
    PAGE_VIDEO, QUESTION, QUESTION_CORRECT_ANSWER, QUESTION_OPTION_ANSWER_A, QUESTION_OPTION_ANSWER_B, 
    QUESTION_OPTION_ANSWER_C, QUESTION_OPTION_ANSWER_D, QUESTION_OPTION_ANSWER_E, QUESTION_OPTION_ANSWER_F, RECORD_CREATOR_ID, 
    RECORD_CREATE_DATE, RECORD_LAST_UPDATER_ID, RECORD_LAST_UPDATED_DATE, AUDIO_FILE_NAME, VIDEO_FILE_NAME, 
    PAGE_TITLE, ISQUESTION)
Values (33, 3, 7, NULL, NULL,NULL, NULL, NULL, NULL, NULL,NULL, NULL, NULL, NULL, '1', 
    TO_DATE('08/10/2009 02:02:22', 'MM/DD/YYYY HH24:MI:SS'), '1', TO_DATE('08/10/2009 02:02:22', 
    'MM/DD/YYYY HH24:MI:SS'), 'pages/secure/media/m_3_page_8.swf', NULL,'The Role of Behavior -Some Positive Examples #3', NULL);
Insert into TEST_TUTORIAL_QUESTION_ANS
   (TEST_TUTORIAL_QUESTION_ANS_ID, TEST_TUTORIAL_MODULES_ID, PAGE_NUMBER, PAGE_TEXT, PAGE_AUDIO, 
    PAGE_VIDEO, QUESTION, QUESTION_CORRECT_ANSWER, QUESTION_OPTION_ANSWER_A, QUESTION_OPTION_ANSWER_B, 
    QUESTION_OPTION_ANSWER_C, QUESTION_OPTION_ANSWER_D, QUESTION_OPTION_ANSWER_E, QUESTION_OPTION_ANSWER_F, RECORD_CREATOR_ID, 
    RECORD_CREATE_DATE, RECORD_LAST_UPDATER_ID, RECORD_LAST_UPDATED_DATE, AUDIO_FILE_NAME, VIDEO_FILE_NAME, 
    PAGE_TITLE, ISQUESTION)
Values (34, 3, 8, NULL, NULL,NULL, NULL, NULL, NULL, NULL,NULL, NULL, NULL, NULL, '1', 
    TO_DATE('08/10/2009 02:02:22', 'MM/DD/YYYY HH24:MI:SS'), '1', TO_DATE('08/10/2009 02:02:22', 
    'MM/DD/YYYY HH24:MI:SS'), 'pages/secure/media/m_3_page_9.swf', NULL,'The Role of Behavior -Some Positive Examples #4', NULL);
Insert into TEST_TUTORIAL_QUESTION_ANS
   (TEST_TUTORIAL_QUESTION_ANS_ID, TEST_TUTORIAL_MODULES_ID, PAGE_NUMBER, PAGE_TEXT, PAGE_AUDIO, 
    PAGE_VIDEO, QUESTION, QUESTION_CORRECT_ANSWER, QUESTION_OPTION_ANSWER_A, QUESTION_OPTION_ANSWER_B, 
    QUESTION_OPTION_ANSWER_C, QUESTION_OPTION_ANSWER_D, QUESTION_OPTION_ANSWER_E, QUESTION_OPTION_ANSWER_F, RECORD_CREATOR_ID, 
    RECORD_CREATE_DATE, RECORD_LAST_UPDATER_ID, RECORD_LAST_UPDATED_DATE, AUDIO_FILE_NAME, VIDEO_FILE_NAME, 
    PAGE_TITLE, ISQUESTION)
Values (35, 3, 9, NULL, NULL,NULL, NULL, NULL, NULL, NULL,NULL, NULL, NULL, NULL, '1', 
    TO_DATE('08/10/2009 02:02:22', 'MM/DD/YYYY HH24:MI:SS'), '1', TO_DATE('08/10/2009 02:02:22', 
    'MM/DD/YYYY HH24:MI:SS'), 'pages/secure/media/m_3_page_10.swf', NULL,'The Role of Behavior -Some Positive Examples #5', NULL);
Insert into TEST_TUTORIAL_QUESTION_ANS
   (TEST_TUTORIAL_QUESTION_ANS_ID, TEST_TUTORIAL_MODULES_ID, PAGE_NUMBER, PAGE_TEXT, PAGE_AUDIO, 
    PAGE_VIDEO, QUESTION, QUESTION_CORRECT_ANSWER, QUESTION_OPTION_ANSWER_A, QUESTION_OPTION_ANSWER_B, 
    QUESTION_OPTION_ANSWER_C, QUESTION_OPTION_ANSWER_D, QUESTION_OPTION_ANSWER_E, QUESTION_OPTION_ANSWER_F, RECORD_CREATOR_ID, 
    RECORD_CREATE_DATE, RECORD_LAST_UPDATER_ID, RECORD_LAST_UPDATED_DATE, AUDIO_FILE_NAME, VIDEO_FILE_NAME, 
    PAGE_TITLE, ISQUESTION)
Values (36, 3, 10, NULL, NULL,NULL, NULL, NULL, NULL, NULL,NULL, NULL, NULL, NULL, '1', 
    TO_DATE('08/10/2009 02:02:22', 'MM/DD/YYYY HH24:MI:SS'), '1', TO_DATE('08/10/2009 02:02:22', 
    'MM/DD/YYYY HH24:MI:SS'), 'pages/secure/media/m_3_page_11.swf', NULL,'The Role of Behavior -Some Negative Examples #1', NULL);
Insert into TEST_TUTORIAL_QUESTION_ANS
   (TEST_TUTORIAL_QUESTION_ANS_ID, TEST_TUTORIAL_MODULES_ID, PAGE_NUMBER, PAGE_TEXT, PAGE_AUDIO, 
    PAGE_VIDEO, QUESTION, QUESTION_CORRECT_ANSWER, QUESTION_OPTION_ANSWER_A, QUESTION_OPTION_ANSWER_B, 
    QUESTION_OPTION_ANSWER_C, QUESTION_OPTION_ANSWER_D, QUESTION_OPTION_ANSWER_E, QUESTION_OPTION_ANSWER_F, RECORD_CREATOR_ID, 
    RECORD_CREATE_DATE, RECORD_LAST_UPDATER_ID, RECORD_LAST_UPDATED_DATE, AUDIO_FILE_NAME, VIDEO_FILE_NAME, 
    PAGE_TITLE, ISQUESTION)
Values (37, 3, 11, NULL, NULL,NULL, NULL, NULL, NULL, NULL,NULL, NULL, NULL, NULL, '1', 
    TO_DATE('08/10/2009 02:02:22', 'MM/DD/YYYY HH24:MI:SS'), '1', TO_DATE('08/10/2009 02:02:22', 
    'MM/DD/YYYY HH24:MI:SS'), 'pages/secure/media/m_3_page_12.swf', NULL,'The Role of Behavior -Some Negative Examples #2', NULL);
Insert into TEST_TUTORIAL_QUESTION_ANS
   (TEST_TUTORIAL_QUESTION_ANS_ID, TEST_TUTORIAL_MODULES_ID, PAGE_NUMBER, PAGE_TEXT, PAGE_AUDIO, 
    PAGE_VIDEO, QUESTION, QUESTION_CORRECT_ANSWER, QUESTION_OPTION_ANSWER_A, QUESTION_OPTION_ANSWER_B, 
    QUESTION_OPTION_ANSWER_C, QUESTION_OPTION_ANSWER_D, QUESTION_OPTION_ANSWER_E, QUESTION_OPTION_ANSWER_F, RECORD_CREATOR_ID, 
    RECORD_CREATE_DATE, RECORD_LAST_UPDATER_ID, RECORD_LAST_UPDATED_DATE, AUDIO_FILE_NAME, VIDEO_FILE_NAME, 
    PAGE_TITLE, ISQUESTION)
Values (38, 3, 12, NULL, NULL,NULL, NULL, NULL, NULL, NULL,NULL, NULL, NULL, NULL, '1', 
    TO_DATE('08/10/2009 02:02:22', 'MM/DD/YYYY HH24:MI:SS'), '1', TO_DATE('08/10/2009 02:02:22', 
    'MM/DD/YYYY HH24:MI:SS'), 'pages/secure/media/m_3_page_13.swf', NULL,'The Role of Behavior -Some Negative Examples #3', NULL);
Insert into TEST_TUTORIAL_QUESTION_ANS
   (TEST_TUTORIAL_QUESTION_ANS_ID, TEST_TUTORIAL_MODULES_ID, PAGE_NUMBER, PAGE_TEXT, PAGE_AUDIO, 
    PAGE_VIDEO, QUESTION, QUESTION_CORRECT_ANSWER, QUESTION_OPTION_ANSWER_A, QUESTION_OPTION_ANSWER_B, 
    QUESTION_OPTION_ANSWER_C, QUESTION_OPTION_ANSWER_D, QUESTION_OPTION_ANSWER_E, QUESTION_OPTION_ANSWER_F, RECORD_CREATOR_ID, 
    RECORD_CREATE_DATE, RECORD_LAST_UPDATER_ID, RECORD_LAST_UPDATED_DATE, AUDIO_FILE_NAME, VIDEO_FILE_NAME, 
    PAGE_TITLE, ISQUESTION)
Values (39, 3, 13, NULL, NULL,NULL, NULL, NULL, NULL, NULL,NULL, NULL, NULL, NULL, '1', 
    TO_DATE('08/10/2009 02:02:22', 'MM/DD/YYYY HH24:MI:SS'), '1', TO_DATE('08/10/2009 02:02:22', 
    'MM/DD/YYYY HH24:MI:SS'), 'pages/secure/media/m_3_page_14.swf', NULL,'The Role of Behavior -Some Outreach Examples', NULL);
Insert into TEST_TUTORIAL_QUESTION_ANS
   (TEST_TUTORIAL_QUESTION_ANS_ID, TEST_TUTORIAL_MODULES_ID, PAGE_NUMBER, PAGE_TEXT, PAGE_AUDIO, 
    PAGE_VIDEO, QUESTION, QUESTION_CORRECT_ANSWER, QUESTION_OPTION_ANSWER_A, QUESTION_OPTION_ANSWER_B, 
    QUESTION_OPTION_ANSWER_C, QUESTION_OPTION_ANSWER_D, QUESTION_OPTION_ANSWER_E, QUESTION_OPTION_ANSWER_F, RECORD_CREATOR_ID, 
    RECORD_CREATE_DATE, RECORD_LAST_UPDATER_ID, RECORD_LAST_UPDATED_DATE, AUDIO_FILE_NAME, VIDEO_FILE_NAME, 
    PAGE_TITLE, ISQUESTION)
Values (40, 3, 14, NULL, NULL,NULL, NULL, NULL, NULL, NULL,NULL, NULL, NULL, NULL, '1', 
    TO_DATE('08/10/2009 02:02:22', 'MM/DD/YYYY HH24:MI:SS'), '1', TO_DATE('08/10/2009 02:02:22', 
    'MM/DD/YYYY HH24:MI:SS'), 'pages/secure/media/m_3_page_15.swf', NULL,'Informal and Indirect Da''wah-Indirect Da wah Speech, Interjections, and Asides..', NULL);
Insert into TEST_TUTORIAL_QUESTION_ANS
   (TEST_TUTORIAL_QUESTION_ANS_ID, TEST_TUTORIAL_MODULES_ID, PAGE_NUMBER, PAGE_TEXT, PAGE_AUDIO, 
    PAGE_VIDEO, QUESTION, QUESTION_CORRECT_ANSWER, QUESTION_OPTION_ANSWER_A, QUESTION_OPTION_ANSWER_B, 
    QUESTION_OPTION_ANSWER_C, QUESTION_OPTION_ANSWER_D, QUESTION_OPTION_ANSWER_E, QUESTION_OPTION_ANSWER_F, RECORD_CREATOR_ID, 
    RECORD_CREATE_DATE, RECORD_LAST_UPDATER_ID, RECORD_LAST_UPDATED_DATE, AUDIO_FILE_NAME, VIDEO_FILE_NAME, 
    PAGE_TITLE, ISQUESTION)
Values (41, 3, 15, NULL, NULL,NULL, NULL, NULL, NULL, NULL,NULL, NULL, NULL, NULL, '1', 
    TO_DATE('08/10/2009 02:02:22', 'MM/DD/YYYY HH24:MI:SS'), '1', TO_DATE('08/10/2009 02:02:22', 
    'MM/DD/YYYY HH24:MI:SS'), 'pages/secure/media/m_3_page_16.swf', NULL,'  Informal and Indirect Da''wah- Da wah Forming a Horizontal Relationship', NULL);
Insert into TEST_TUTORIAL_QUESTION_ANS
   (TEST_TUTORIAL_QUESTION_ANS_ID, TEST_TUTORIAL_MODULES_ID, PAGE_NUMBER, PAGE_TEXT, PAGE_AUDIO, 
    PAGE_VIDEO, QUESTION, QUESTION_CORRECT_ANSWER, QUESTION_OPTION_ANSWER_A, QUESTION_OPTION_ANSWER_B, 
    QUESTION_OPTION_ANSWER_C, QUESTION_OPTION_ANSWER_D, QUESTION_OPTION_ANSWER_E, QUESTION_OPTION_ANSWER_F, RECORD_CREATOR_ID, 
    RECORD_CREATE_DATE, RECORD_LAST_UPDATER_ID, RECORD_LAST_UPDATED_DATE, AUDIO_FILE_NAME, VIDEO_FILE_NAME, 
    PAGE_TITLE, ISQUESTION)
Values (42, 3, 16, NULL, NULL,NULL, NULL, NULL, NULL, NULL,NULL, NULL, NULL, NULL, '1', 
    TO_DATE('08/10/2009 02:02:22', 'MM/DD/YYYY HH24:MI:SS'), '1', TO_DATE('08/10/2009 02:02:22', 
    'MM/DD/YYYY HH24:MI:SS'), 'pages/secure/media/m_3_page_17.swf', NULL,'Etiquette of Informal and Indirect Da''wah', NULL);
Insert into TEST_TUTORIAL_QUESTION_ANS
   (TEST_TUTORIAL_QUESTION_ANS_ID, TEST_TUTORIAL_MODULES_ID, PAGE_NUMBER, PAGE_TEXT, PAGE_AUDIO, 
    PAGE_VIDEO, QUESTION, QUESTION_CORRECT_ANSWER, QUESTION_OPTION_ANSWER_A, QUESTION_OPTION_ANSWER_B, 
    QUESTION_OPTION_ANSWER_C, QUESTION_OPTION_ANSWER_D, QUESTION_OPTION_ANSWER_E, QUESTION_OPTION_ANSWER_F, RECORD_CREATOR_ID, 
    RECORD_CREATE_DATE, RECORD_LAST_UPDATER_ID, RECORD_LAST_UPDATED_DATE, AUDIO_FILE_NAME, VIDEO_FILE_NAME, 
    PAGE_TITLE, ISQUESTION)
Values (43, 3, 17, NULL, NULL,NULL, NULL, NULL, NULL, NULL,NULL, NULL, NULL, NULL, '1', 
    TO_DATE('08/10/2009 02:02:22', 'MM/DD/YYYY HH24:MI:SS'), '1', TO_DATE('08/10/2009 02:02:22', 
    'MM/DD/YYYY HH24:MI:SS'), 'pages/secure/media/m_3_page_18.swf', NULL,'Questions to Ask Yourself in Doing Informal and Indirect Da''wah', NULL);
Insert into TEST_TUTORIAL_QUESTION_ANS
   (TEST_TUTORIAL_QUESTION_ANS_ID, TEST_TUTORIAL_MODULES_ID, PAGE_NUMBER, PAGE_TEXT, PAGE_AUDIO, 
    PAGE_VIDEO, QUESTION, QUESTION_CORRECT_ANSWER, QUESTION_OPTION_ANSWER_A, QUESTION_OPTION_ANSWER_B, 
    QUESTION_OPTION_ANSWER_C, QUESTION_OPTION_ANSWER_D, QUESTION_OPTION_ANSWER_E, QUESTION_OPTION_ANSWER_F, RECORD_CREATOR_ID, 
    RECORD_CREATE_DATE, RECORD_LAST_UPDATER_ID, RECORD_LAST_UPDATED_DATE, AUDIO_FILE_NAME, VIDEO_FILE_NAME, 
    PAGE_TITLE, ISQUESTION)
Values (44, 3, 18, NULL, NULL,NULL, NULL, NULL, NULL, NULL,NULL, NULL, NULL, NULL, '1', 
    TO_DATE('08/10/2009 02:02:22', 'MM/DD/YYYY HH24:MI:SS'), '1', TO_DATE('08/10/2009 02:02:22', 
    'MM/DD/YYYY HH24:MI:SS'), 'pages/secure/media/m_3_page_19.swf', NULL,'Formal and Direct Presentations', NULL);
Insert into TEST_TUTORIAL_QUESTION_ANS
   (TEST_TUTORIAL_QUESTION_ANS_ID, TEST_TUTORIAL_MODULES_ID, PAGE_NUMBER, PAGE_TEXT, PAGE_AUDIO, 
    PAGE_VIDEO, QUESTION, QUESTION_CORRECT_ANSWER, QUESTION_OPTION_ANSWER_A, QUESTION_OPTION_ANSWER_B, 
    QUESTION_OPTION_ANSWER_C, QUESTION_OPTION_ANSWER_D, QUESTION_OPTION_ANSWER_E, QUESTION_OPTION_ANSWER_F, RECORD_CREATOR_ID, 
    RECORD_CREATE_DATE, RECORD_LAST_UPDATER_ID, RECORD_LAST_UPDATED_DATE, AUDIO_FILE_NAME, VIDEO_FILE_NAME, 
    PAGE_TITLE, ISQUESTION)
Values (45, 3, 19, NULL, NULL,NULL, NULL, NULL, NULL, NULL,NULL, NULL, NULL, NULL, '1', 
    TO_DATE('08/10/2009 02:02:22', 'MM/DD/YYYY HH24:MI:SS'), '1', TO_DATE('08/10/2009 02:02:22', 
    'MM/DD/YYYY HH24:MI:SS'), 'pages/secure/media/m_3_page_20.swf', NULL,'Formal and Direct Presentations', NULL);
Insert into TEST_TUTORIAL_QUESTION_ANS
   (TEST_TUTORIAL_QUESTION_ANS_ID, TEST_TUTORIAL_MODULES_ID, PAGE_NUMBER, PAGE_TEXT, PAGE_AUDIO, 
    PAGE_VIDEO, QUESTION, QUESTION_CORRECT_ANSWER, QUESTION_OPTION_ANSWER_A, QUESTION_OPTION_ANSWER_B, 
    QUESTION_OPTION_ANSWER_C, QUESTION_OPTION_ANSWER_D, QUESTION_OPTION_ANSWER_E, QUESTION_OPTION_ANSWER_F, RECORD_CREATOR_ID, 
    RECORD_CREATE_DATE, RECORD_LAST_UPDATER_ID, RECORD_LAST_UPDATED_DATE, AUDIO_FILE_NAME, VIDEO_FILE_NAME, 
    PAGE_TITLE, ISQUESTION)
Values (46, 3, 20, NULL, NULL,NULL, NULL, NULL, NULL, NULL,NULL, NULL, NULL, NULL, '1', 
    TO_DATE('08/10/2009 02:02:22', 'MM/DD/YYYY HH24:MI:SS'), '1', TO_DATE('08/10/2009 02:02:22', 
    'MM/DD/YYYY HH24:MI:SS'), 'pages/secure/media/m_3_page_21.swf', NULL,'Formal and Direct Presentations con''t.', NULL);
Insert into TEST_TUTORIAL_QUESTION_ANS
   (TEST_TUTORIAL_QUESTION_ANS_ID, TEST_TUTORIAL_MODULES_ID, PAGE_NUMBER, PAGE_TEXT, PAGE_AUDIO, 
    PAGE_VIDEO, QUESTION, QUESTION_CORRECT_ANSWER, QUESTION_OPTION_ANSWER_A, QUESTION_OPTION_ANSWER_B, 
    QUESTION_OPTION_ANSWER_C, QUESTION_OPTION_ANSWER_D, QUESTION_OPTION_ANSWER_E, QUESTION_OPTION_ANSWER_F, RECORD_CREATOR_ID, 
    RECORD_CREATE_DATE, RECORD_LAST_UPDATER_ID, RECORD_LAST_UPDATED_DATE, AUDIO_FILE_NAME, VIDEO_FILE_NAME, 
    PAGE_TITLE, ISQUESTION)
Values (47, 3, 21, NULL, NULL,NULL, NULL, NULL, NULL, NULL,NULL, NULL, NULL, NULL, '1', 
    TO_DATE('08/10/2009 02:02:22', 'MM/DD/YYYY HH24:MI:SS'), '1', TO_DATE('08/10/2009 02:02:22', 
    'MM/DD/YYYY HH24:MI:SS'), 'pages/secure/media/m_3_page_22.swf', NULL,'Formal and Direct Presentations', NULL);
Insert into TEST_TUTORIAL_QUESTION_ANS
   (TEST_TUTORIAL_QUESTION_ANS_ID, TEST_TUTORIAL_MODULES_ID, PAGE_NUMBER, PAGE_TEXT, PAGE_AUDIO, 
    PAGE_VIDEO, QUESTION, QUESTION_CORRECT_ANSWER, QUESTION_OPTION_ANSWER_A, QUESTION_OPTION_ANSWER_B, 
    QUESTION_OPTION_ANSWER_C, QUESTION_OPTION_ANSWER_D, QUESTION_OPTION_ANSWER_E, QUESTION_OPTION_ANSWER_F, RECORD_CREATOR_ID, 
    RECORD_CREATE_DATE, RECORD_LAST_UPDATER_ID, RECORD_LAST_UPDATED_DATE, AUDIO_FILE_NAME, VIDEO_FILE_NAME, 
    PAGE_TITLE, ISQUESTION)
Values (48, 3, 22, NULL, NULL,NULL, NULL, NULL, NULL, NULL,NULL, NULL, NULL, NULL, '1', 
    TO_DATE('08/10/2009 02:02:22', 'MM/DD/YYYY HH24:MI:SS'), '1', TO_DATE('08/10/2009 02:02:22', 
    'MM/DD/YYYY HH24:MI:SS'), 'pages/secure/media/m_3_page_23.swf', NULL,'Formal and Direct Presentations', NULL);

-- Tutorial module 4 data
Insert into TEST_TUTORIAL_QUESTION_ANS
   (TEST_TUTORIAL_QUESTION_ANS_ID, TEST_TUTORIAL_MODULES_ID, PAGE_NUMBER, PAGE_TEXT, PAGE_AUDIO, 
    PAGE_VIDEO, QUESTION, QUESTION_CORRECT_ANSWER, QUESTION_OPTION_ANSWER_A, QUESTION_OPTION_ANSWER_B, 
    QUESTION_OPTION_ANSWER_C, QUESTION_OPTION_ANSWER_D, QUESTION_OPTION_ANSWER_E, QUESTION_OPTION_ANSWER_F, RECORD_CREATOR_ID, 
    RECORD_CREATE_DATE, RECORD_LAST_UPDATER_ID, RECORD_LAST_UPDATED_DATE, AUDIO_FILE_NAME, VIDEO_FILE_NAME, 
    PAGE_TITLE, ISQUESTION)
Values (49, 4, 1, NULL, NULL,NULL, NULL, NULL, NULL, NULL,NULL, NULL, NULL, NULL, '1', 
    TO_DATE('08/10/2009 02:02:22', 'MM/DD/YYYY HH24:MI:SS'), '1', TO_DATE('08/10/2009 02:02:22', 
    'MM/DD/YYYY HH24:MI:SS'), 'pages/secure/media/m_4_page_2.swf', NULL,'Module 4 -Da''wah As Marketing', NULL);
Insert into TEST_TUTORIAL_QUESTION_ANS
   (TEST_TUTORIAL_QUESTION_ANS_ID, TEST_TUTORIAL_MODULES_ID, PAGE_NUMBER, PAGE_TEXT, PAGE_AUDIO, 
    PAGE_VIDEO, QUESTION, QUESTION_CORRECT_ANSWER, QUESTION_OPTION_ANSWER_A, QUESTION_OPTION_ANSWER_B, 
    QUESTION_OPTION_ANSWER_C, QUESTION_OPTION_ANSWER_D, QUESTION_OPTION_ANSWER_E, QUESTION_OPTION_ANSWER_F, RECORD_CREATOR_ID, 
    RECORD_CREATE_DATE, RECORD_LAST_UPDATER_ID, RECORD_LAST_UPDATED_DATE, AUDIO_FILE_NAME, VIDEO_FILE_NAME, 
    PAGE_TITLE, ISQUESTION)
Values (50, 4, 2, NULL, NULL,NULL, NULL, NULL, NULL, NULL,NULL, NULL, NULL, NULL, '1', 
    TO_DATE('08/10/2009 02:02:22', 'MM/DD/YYYY HH24:MI:SS'), '1', TO_DATE('08/10/2009 02:02:22', 
    'MM/DD/YYYY HH24:MI:SS'), 'pages/secure/media/m_4_page_3.swf', NULL,'Module 4 -Da''wah As Marketing', NULL);
Insert into TEST_TUTORIAL_QUESTION_ANS
   (TEST_TUTORIAL_QUESTION_ANS_ID, TEST_TUTORIAL_MODULES_ID, PAGE_NUMBER, PAGE_TEXT, PAGE_AUDIO, 
    PAGE_VIDEO, QUESTION, QUESTION_CORRECT_ANSWER, QUESTION_OPTION_ANSWER_A, QUESTION_OPTION_ANSWER_B, 
    QUESTION_OPTION_ANSWER_C, QUESTION_OPTION_ANSWER_D, QUESTION_OPTION_ANSWER_E, QUESTION_OPTION_ANSWER_F, RECORD_CREATOR_ID, 
    RECORD_CREATE_DATE, RECORD_LAST_UPDATER_ID, RECORD_LAST_UPDATED_DATE, AUDIO_FILE_NAME, VIDEO_FILE_NAME, 
    PAGE_TITLE, ISQUESTION)
Values (51, 4, 3, NULL, NULL,NULL, NULL, NULL, NULL, NULL,NULL, NULL, NULL, NULL, '1', 
    TO_DATE('08/10/2009 02:02:22', 'MM/DD/YYYY HH24:MI:SS'), '1', TO_DATE('08/10/2009 02:02:22', 
    'MM/DD/YYYY HH24:MI:SS'), 'pages/secure/media/m_4_page_4.swf', NULL,'Market v. Product', NULL);
Insert into TEST_TUTORIAL_QUESTION_ANS
   (TEST_TUTORIAL_QUESTION_ANS_ID, TEST_TUTORIAL_MODULES_ID, PAGE_NUMBER, PAGE_TEXT, PAGE_AUDIO, 
    PAGE_VIDEO, QUESTION, QUESTION_CORRECT_ANSWER, QUESTION_OPTION_ANSWER_A, QUESTION_OPTION_ANSWER_B, 
    QUESTION_OPTION_ANSWER_C, QUESTION_OPTION_ANSWER_D, QUESTION_OPTION_ANSWER_E, QUESTION_OPTION_ANSWER_F, RECORD_CREATOR_ID, 
    RECORD_CREATE_DATE, RECORD_LAST_UPDATER_ID, RECORD_LAST_UPDATED_DATE, AUDIO_FILE_NAME, VIDEO_FILE_NAME, 
    PAGE_TITLE, ISQUESTION)
Values (52, 4, 4, NULL, NULL,NULL, NULL, NULL, NULL, NULL,NULL, NULL, NULL, NULL, '1', 
    TO_DATE('08/10/2009 02:02:22', 'MM/DD/YYYY HH24:MI:SS'), '1', TO_DATE('08/10/2009 02:02:22', 
    'MM/DD/YYYY HH24:MI:SS'), 'pages/secure/media/m_4_page_5.swf', NULL,'A SWOT Analysis', NULL);
Insert into TEST_TUTORIAL_QUESTION_ANS
   (TEST_TUTORIAL_QUESTION_ANS_ID, TEST_TUTORIAL_MODULES_ID, PAGE_NUMBER, PAGE_TEXT, PAGE_AUDIO, 
    PAGE_VIDEO, QUESTION, QUESTION_CORRECT_ANSWER, QUESTION_OPTION_ANSWER_A, QUESTION_OPTION_ANSWER_B, 
    QUESTION_OPTION_ANSWER_C, QUESTION_OPTION_ANSWER_D, QUESTION_OPTION_ANSWER_E, QUESTION_OPTION_ANSWER_F, RECORD_CREATOR_ID, 
    RECORD_CREATE_DATE, RECORD_LAST_UPDATER_ID, RECORD_LAST_UPDATED_DATE, AUDIO_FILE_NAME, VIDEO_FILE_NAME, 
    PAGE_TITLE, ISQUESTION)
Values (53, 4, 5, NULL, NULL,NULL, NULL, NULL, NULL, NULL,NULL, NULL, NULL, NULL, '1', 
    TO_DATE('08/10/2009 02:02:22', 'MM/DD/YYYY HH24:MI:SS'), '1', TO_DATE('08/10/2009 02:02:22', 
    'MM/DD/YYYY HH24:MI:SS'), 'pages/secure/media/m_4_page_6.swf', NULL,'SWOT - Strengths', NULL);
Insert into TEST_TUTORIAL_QUESTION_ANS
   (TEST_TUTORIAL_QUESTION_ANS_ID, TEST_TUTORIAL_MODULES_ID, PAGE_NUMBER, PAGE_TEXT, PAGE_AUDIO, 
    PAGE_VIDEO, QUESTION, QUESTION_CORRECT_ANSWER, QUESTION_OPTION_ANSWER_A, QUESTION_OPTION_ANSWER_B, 
    QUESTION_OPTION_ANSWER_C, QUESTION_OPTION_ANSWER_D, QUESTION_OPTION_ANSWER_E, QUESTION_OPTION_ANSWER_F, RECORD_CREATOR_ID, 
    RECORD_CREATE_DATE, RECORD_LAST_UPDATER_ID, RECORD_LAST_UPDATED_DATE, AUDIO_FILE_NAME, VIDEO_FILE_NAME, 
    PAGE_TITLE, ISQUESTION)
Values (54, 4, 6, NULL, NULL,NULL, NULL, NULL, NULL, NULL,NULL, NULL, NULL, NULL, '1', 
    TO_DATE('08/10/2009 02:02:22', 'MM/DD/YYYY HH24:MI:SS'), '1', TO_DATE('08/10/2009 02:02:22', 
    'MM/DD/YYYY HH24:MI:SS'), 'pages/secure/media/m_4_page_7.swf', NULL,'SWOT - Weaknesses', NULL);
Insert into TEST_TUTORIAL_QUESTION_ANS
   (TEST_TUTORIAL_QUESTION_ANS_ID, TEST_TUTORIAL_MODULES_ID, PAGE_NUMBER, PAGE_TEXT, PAGE_AUDIO, 
    PAGE_VIDEO, QUESTION, QUESTION_CORRECT_ANSWER, QUESTION_OPTION_ANSWER_A, QUESTION_OPTION_ANSWER_B, 
    QUESTION_OPTION_ANSWER_C, QUESTION_OPTION_ANSWER_D, QUESTION_OPTION_ANSWER_E, QUESTION_OPTION_ANSWER_F, RECORD_CREATOR_ID, 
    RECORD_CREATE_DATE, RECORD_LAST_UPDATER_ID, RECORD_LAST_UPDATED_DATE, AUDIO_FILE_NAME, VIDEO_FILE_NAME, 
    PAGE_TITLE, ISQUESTION)
Values (55, 4, 7, NULL, NULL,NULL, NULL, NULL, NULL, NULL,NULL, NULL, NULL, NULL, '1', 
    TO_DATE('08/10/2009 02:02:22', 'MM/DD/YYYY HH24:MI:SS'), '1', TO_DATE('08/10/2009 02:02:22', 
    'MM/DD/YYYY HH24:MI:SS'), 'pages/secure/media/m_4_page_8.swf', NULL,'SWOT - Opportunities', NULL);
Insert into TEST_TUTORIAL_QUESTION_ANS
   (TEST_TUTORIAL_QUESTION_ANS_ID, TEST_TUTORIAL_MODULES_ID, PAGE_NUMBER, PAGE_TEXT, PAGE_AUDIO, 
    PAGE_VIDEO, QUESTION, QUESTION_CORRECT_ANSWER, QUESTION_OPTION_ANSWER_A, QUESTION_OPTION_ANSWER_B, 
    QUESTION_OPTION_ANSWER_C, QUESTION_OPTION_ANSWER_D, QUESTION_OPTION_ANSWER_E, QUESTION_OPTION_ANSWER_F, RECORD_CREATOR_ID, 
    RECORD_CREATE_DATE, RECORD_LAST_UPDATER_ID, RECORD_LAST_UPDATED_DATE, AUDIO_FILE_NAME, VIDEO_FILE_NAME, 
    PAGE_TITLE, ISQUESTION)
Values (56, 4, 8, NULL, NULL,NULL, NULL, NULL, NULL, NULL,NULL, NULL, NULL, NULL, '1', 
    TO_DATE('08/10/2009 02:02:22', 'MM/DD/YYYY HH24:MI:SS'), '1', TO_DATE('08/10/2009 02:02:22', 
    'MM/DD/YYYY HH24:MI:SS'), 'pages/secure/media/m_4_page_9.swf', NULL,'SWOT - Threats', NULL);
Insert into TEST_TUTORIAL_QUESTION_ANS
   (TEST_TUTORIAL_QUESTION_ANS_ID, TEST_TUTORIAL_MODULES_ID, PAGE_NUMBER, PAGE_TEXT, PAGE_AUDIO, 
    PAGE_VIDEO, QUESTION, QUESTION_CORRECT_ANSWER, QUESTION_OPTION_ANSWER_A, QUESTION_OPTION_ANSWER_B, 
    QUESTION_OPTION_ANSWER_C, QUESTION_OPTION_ANSWER_D, QUESTION_OPTION_ANSWER_E, QUESTION_OPTION_ANSWER_F, RECORD_CREATOR_ID, 
    RECORD_CREATE_DATE, RECORD_LAST_UPDATER_ID, RECORD_LAST_UPDATED_DATE, AUDIO_FILE_NAME, VIDEO_FILE_NAME, 
    PAGE_TITLE, ISQUESTION)
Values (57, 4, 9, NULL, NULL,NULL, NULL, NULL, NULL, NULL,NULL, NULL, NULL, NULL, '1', 
    TO_DATE('08/10/2009 02:02:22', 'MM/DD/YYYY HH24:MI:SS'), '1', TO_DATE('08/10/2009 02:02:22', 
    'MM/DD/YYYY HH24:MI:SS'), 'pages/secure/media/m_4_page_10.swf', NULL,'STPs of Da''wah', NULL);
Insert into TEST_TUTORIAL_QUESTION_ANS
   (TEST_TUTORIAL_QUESTION_ANS_ID, TEST_TUTORIAL_MODULES_ID, PAGE_NUMBER, PAGE_TEXT, PAGE_AUDIO, 
    PAGE_VIDEO, QUESTION, QUESTION_CORRECT_ANSWER, QUESTION_OPTION_ANSWER_A, QUESTION_OPTION_ANSWER_B, 
    QUESTION_OPTION_ANSWER_C, QUESTION_OPTION_ANSWER_D, QUESTION_OPTION_ANSWER_E, QUESTION_OPTION_ANSWER_F, RECORD_CREATOR_ID, 
    RECORD_CREATE_DATE, RECORD_LAST_UPDATER_ID, RECORD_LAST_UPDATED_DATE, AUDIO_FILE_NAME, VIDEO_FILE_NAME, 
    PAGE_TITLE, ISQUESTION)
Values (58, 4, 10, NULL, NULL,NULL, NULL, NULL, NULL, NULL,NULL, NULL, NULL, NULL, '1', 
    TO_DATE('08/10/2009 02:02:22', 'MM/DD/YYYY HH24:MI:SS'), '1', TO_DATE('08/10/2009 02:02:22', 
    'MM/DD/YYYY HH24:MI:SS'), 'pages/secure/media/m_4_page_11.swf', NULL,'Evaluate Efforts', NULL);
Insert into TEST_TUTORIAL_QUESTION_ANS
   (TEST_TUTORIAL_QUESTION_ANS_ID, TEST_TUTORIAL_MODULES_ID, PAGE_NUMBER, PAGE_TEXT, PAGE_AUDIO, 
    PAGE_VIDEO, QUESTION, QUESTION_CORRECT_ANSWER, QUESTION_OPTION_ANSWER_A, QUESTION_OPTION_ANSWER_B, 
    QUESTION_OPTION_ANSWER_C, QUESTION_OPTION_ANSWER_D, QUESTION_OPTION_ANSWER_E, QUESTION_OPTION_ANSWER_F, RECORD_CREATOR_ID, 
    RECORD_CREATE_DATE, RECORD_LAST_UPDATER_ID, RECORD_LAST_UPDATED_DATE, AUDIO_FILE_NAME, VIDEO_FILE_NAME, 
    PAGE_TITLE, ISQUESTION)
Values (59, 4, 11, NULL, NULL,NULL, NULL, NULL, NULL, NULL,NULL, NULL, NULL, NULL, '1', 
    TO_DATE('08/10/2009 02:02:22', 'MM/DD/YYYY HH24:MI:SS'), '1', TO_DATE('08/10/2009 02:02:22', 
    'MM/DD/YYYY HH24:MI:SS'), 'pages/secure/media/m_4_page_12.swf', NULL,'Things to Ask Yoursel', NULL);
Insert into TEST_TUTORIAL_QUESTION_ANS
   (TEST_TUTORIAL_QUESTION_ANS_ID, TEST_TUTORIAL_MODULES_ID, PAGE_NUMBER, PAGE_TEXT, PAGE_AUDIO, 
    PAGE_VIDEO, QUESTION, QUESTION_CORRECT_ANSWER, QUESTION_OPTION_ANSWER_A, QUESTION_OPTION_ANSWER_B, 
    QUESTION_OPTION_ANSWER_C, QUESTION_OPTION_ANSWER_D, QUESTION_OPTION_ANSWER_E, QUESTION_OPTION_ANSWER_F, RECORD_CREATOR_ID, 
    RECORD_CREATE_DATE, RECORD_LAST_UPDATER_ID, RECORD_LAST_UPDATED_DATE, AUDIO_FILE_NAME, VIDEO_FILE_NAME, 
    PAGE_TITLE, ISQUESTION)
Values (60, 4, 12, NULL, NULL,NULL, NULL, NULL, NULL, NULL,NULL, NULL, NULL, NULL, '1', 
    TO_DATE('08/10/2009 02:02:22', 'MM/DD/YYYY HH24:MI:SS'), '1', TO_DATE('08/10/2009 02:02:22', 
    'MM/DD/YYYY HH24:MI:SS'), 'pages/secure/media/m_4_page_13.swf', NULL,'Things to Ask Yourself', NULL);

--Tutorial module 5 data
Insert into TEST_TUTORIAL_QUESTION_ANS
   (TEST_TUTORIAL_QUESTION_ANS_ID, TEST_TUTORIAL_MODULES_ID, PAGE_NUMBER, PAGE_TEXT, PAGE_AUDIO, 
    PAGE_VIDEO, QUESTION, QUESTION_CORRECT_ANSWER, QUESTION_OPTION_ANSWER_A, QUESTION_OPTION_ANSWER_B, 
    QUESTION_OPTION_ANSWER_C, QUESTION_OPTION_ANSWER_D, QUESTION_OPTION_ANSWER_E, QUESTION_OPTION_ANSWER_F, RECORD_CREATOR_ID, 
    RECORD_CREATE_DATE, RECORD_LAST_UPDATER_ID, RECORD_LAST_UPDATED_DATE, AUDIO_FILE_NAME, VIDEO_FILE_NAME, 
    PAGE_TITLE, ISQUESTION)
Values (61, 5, 1, NULL, NULL,NULL, NULL, NULL, NULL, NULL,NULL, NULL, NULL, NULL, '1', 
    TO_DATE('08/10/2009 02:02:22', 'MM/DD/YYYY HH24:MI:SS'), '1', TO_DATE('08/10/2009 02:02:22', 
    'MM/DD/YYYY HH24:MI:SS'), 'pages/secure/media/m5/m_5_page_2.swf', NULL,'Module 5 - The Art of Public Speaking', NULL);
Insert into TEST_TUTORIAL_QUESTION_ANS
   (TEST_TUTORIAL_QUESTION_ANS_ID, TEST_TUTORIAL_MODULES_ID, PAGE_NUMBER, PAGE_TEXT, PAGE_AUDIO, 
    PAGE_VIDEO, QUESTION, QUESTION_CORRECT_ANSWER, QUESTION_OPTION_ANSWER_A, QUESTION_OPTION_ANSWER_B, 
    QUESTION_OPTION_ANSWER_C, QUESTION_OPTION_ANSWER_D, QUESTION_OPTION_ANSWER_E, QUESTION_OPTION_ANSWER_F, RECORD_CREATOR_ID, 
    RECORD_CREATE_DATE, RECORD_LAST_UPDATER_ID, RECORD_LAST_UPDATED_DATE, AUDIO_FILE_NAME, VIDEO_FILE_NAME, 
    PAGE_TITLE, ISQUESTION)
Values (62, 5, 2, NULL, NULL,NULL, NULL, NULL, NULL, NULL,NULL, NULL, NULL, NULL, '1', 
    TO_DATE('08/10/2009 02:02:22', 'MM/DD/YYYY HH24:MI:SS'), '1', TO_DATE('08/10/2009 02:02:22', 
    'MM/DD/YYYY HH24:MI:SS'), 'pages/secure/media/m5/m_5_page_3.swf', NULL,'Module 5 - The Art of Public Speaking', NULL);
Insert into TEST_TUTORIAL_QUESTION_ANS
   (TEST_TUTORIAL_QUESTION_ANS_ID, TEST_TUTORIAL_MODULES_ID, PAGE_NUMBER, PAGE_TEXT, PAGE_AUDIO, 
    PAGE_VIDEO, QUESTION, QUESTION_CORRECT_ANSWER, QUESTION_OPTION_ANSWER_A, QUESTION_OPTION_ANSWER_B, 
    QUESTION_OPTION_ANSWER_C, QUESTION_OPTION_ANSWER_D, QUESTION_OPTION_ANSWER_E, QUESTION_OPTION_ANSWER_F, RECORD_CREATOR_ID, 
    RECORD_CREATE_DATE, RECORD_LAST_UPDATER_ID, RECORD_LAST_UPDATED_DATE, AUDIO_FILE_NAME, VIDEO_FILE_NAME, 
    PAGE_TITLE, ISQUESTION)
Values (63, 5, 3, NULL, NULL,NULL, NULL, NULL, NULL, NULL,NULL, NULL, NULL, NULL, '1', 
    TO_DATE('08/10/2009 02:02:22', 'MM/DD/YYYY HH24:MI:SS'), '1', TO_DATE('08/10/2009 02:02:22', 
    'MM/DD/YYYY HH24:MI:SS'), 'pages/secure/media/m5/m_5_page_4.swf', NULL,'Preparation', NULL);
Insert into TEST_TUTORIAL_QUESTION_ANS
   (TEST_TUTORIAL_QUESTION_ANS_ID, TEST_TUTORIAL_MODULES_ID, PAGE_NUMBER, PAGE_TEXT, PAGE_AUDIO, 
    PAGE_VIDEO, QUESTION, QUESTION_CORRECT_ANSWER, QUESTION_OPTION_ANSWER_A, QUESTION_OPTION_ANSWER_B, 
    QUESTION_OPTION_ANSWER_C, QUESTION_OPTION_ANSWER_D, QUESTION_OPTION_ANSWER_E, QUESTION_OPTION_ANSWER_F, RECORD_CREATOR_ID, 
    RECORD_CREATE_DATE, RECORD_LAST_UPDATER_ID, RECORD_LAST_UPDATED_DATE, AUDIO_FILE_NAME, VIDEO_FILE_NAME, 
    PAGE_TITLE, ISQUESTION)
Values (64, 5, 4, NULL, NULL,NULL, NULL, NULL, NULL, NULL,NULL, NULL, NULL, NULL, '1', 
    TO_DATE('08/10/2009 02:02:22', 'MM/DD/YYYY HH24:MI:SS'), '1', TO_DATE('08/10/2009 02:02:22', 
    'MM/DD/YYYY HH24:MI:SS'), 'pages/secure/media/m5/m_5_page_5.swf', NULL,'Know Your Audience', NULL);
Insert into TEST_TUTORIAL_QUESTION_ANS
   (TEST_TUTORIAL_QUESTION_ANS_ID, TEST_TUTORIAL_MODULES_ID, PAGE_NUMBER, PAGE_TEXT, PAGE_AUDIO, 
    PAGE_VIDEO, QUESTION, QUESTION_CORRECT_ANSWER, QUESTION_OPTION_ANSWER_A, QUESTION_OPTION_ANSWER_B, 
    QUESTION_OPTION_ANSWER_C, QUESTION_OPTION_ANSWER_D, QUESTION_OPTION_ANSWER_E, QUESTION_OPTION_ANSWER_F, RECORD_CREATOR_ID, 
    RECORD_CREATE_DATE, RECORD_LAST_UPDATER_ID, RECORD_LAST_UPDATED_DATE, AUDIO_FILE_NAME, VIDEO_FILE_NAME, 
    PAGE_TITLE, ISQUESTION)
Values (65, 5, 5, NULL, NULL,NULL, NULL, NULL, NULL, NULL,NULL, NULL, NULL, NULL, '1', 
    TO_DATE('08/10/2009 02:02:22', 'MM/DD/YYYY HH24:MI:SS'), '1', TO_DATE('08/10/2009 02:02:22', 
    'MM/DD/YYYY HH24:MI:SS'), 'pages/secure/media/m5/m_5_page_6.swf', NULL,'Know Your Setting', NULL);
Insert into TEST_TUTORIAL_QUESTION_ANS
   (TEST_TUTORIAL_QUESTION_ANS_ID, TEST_TUTORIAL_MODULES_ID, PAGE_NUMBER, PAGE_TEXT, PAGE_AUDIO, 
    PAGE_VIDEO, QUESTION, QUESTION_CORRECT_ANSWER, QUESTION_OPTION_ANSWER_A, QUESTION_OPTION_ANSWER_B, 
    QUESTION_OPTION_ANSWER_C, QUESTION_OPTION_ANSWER_D, QUESTION_OPTION_ANSWER_E, QUESTION_OPTION_ANSWER_F, RECORD_CREATOR_ID, 
    RECORD_CREATE_DATE, RECORD_LAST_UPDATER_ID, RECORD_LAST_UPDATED_DATE, AUDIO_FILE_NAME, VIDEO_FILE_NAME, 
    PAGE_TITLE, ISQUESTION)
Values (66, 5, 6, NULL, NULL,NULL, NULL, NULL, NULL, NULL,NULL, NULL, NULL, NULL, '1', 
    TO_DATE('08/10/2009 02:02:22', 'MM/DD/YYYY HH24:MI:SS'), '1', TO_DATE('08/10/2009 02:02:22', 
    'MM/DD/YYYY HH24:MI:SS'), 'pages/secure/media/m5/m_5_page_7.swf', NULL,'Know Your Topic and Stick to It', NULL);
Insert into TEST_TUTORIAL_QUESTION_ANS
   (TEST_TUTORIAL_QUESTION_ANS_ID, TEST_TUTORIAL_MODULES_ID, PAGE_NUMBER, PAGE_TEXT, PAGE_AUDIO, 
    PAGE_VIDEO, QUESTION, QUESTION_CORRECT_ANSWER, QUESTION_OPTION_ANSWER_A, QUESTION_OPTION_ANSWER_B, 
    QUESTION_OPTION_ANSWER_C, QUESTION_OPTION_ANSWER_D, QUESTION_OPTION_ANSWER_E, QUESTION_OPTION_ANSWER_F, RECORD_CREATOR_ID, 
    RECORD_CREATE_DATE, RECORD_LAST_UPDATER_ID, RECORD_LAST_UPDATED_DATE, AUDIO_FILE_NAME, VIDEO_FILE_NAME, 
    PAGE_TITLE, ISQUESTION)
Values (67, 5, 7, NULL, NULL,NULL, NULL, NULL, NULL, NULL,NULL, NULL, NULL, NULL, '1', 
    TO_DATE('08/10/2009 02:02:22', 'MM/DD/YYYY HH24:MI:SS'), '1', TO_DATE('08/10/2009 02:02:22', 
    'MM/DD/YYYY HH24:MI:SS'), 'pages/secure/media/m5/m_5_page_8.swf', NULL,'Know and Stick to Your Time Limit', NULL);
Insert into TEST_TUTORIAL_QUESTION_ANS
   (TEST_TUTORIAL_QUESTION_ANS_ID, TEST_TUTORIAL_MODULES_ID, PAGE_NUMBER, PAGE_TEXT, PAGE_AUDIO, 
    PAGE_VIDEO, QUESTION, QUESTION_CORRECT_ANSWER, QUESTION_OPTION_ANSWER_A, QUESTION_OPTION_ANSWER_B, 
    QUESTION_OPTION_ANSWER_C, QUESTION_OPTION_ANSWER_D, QUESTION_OPTION_ANSWER_E, QUESTION_OPTION_ANSWER_F, RECORD_CREATOR_ID, 
    RECORD_CREATE_DATE, RECORD_LAST_UPDATER_ID, RECORD_LAST_UPDATED_DATE, AUDIO_FILE_NAME, VIDEO_FILE_NAME, 
    PAGE_TITLE, ISQUESTION)
Values (68, 5, 8, NULL, NULL,NULL, NULL, NULL, NULL, NULL,NULL, NULL, NULL, NULL, '1', 
    TO_DATE('08/10/2009 02:02:22', 'MM/DD/YYYY HH24:MI:SS'), '1', TO_DATE('08/10/2009 02:02:22', 
    'MM/DD/YYYY HH24:MI:SS'), 'pages/secure/media/m5/m_5_page_9.swf', NULL,'Rehearse, Rehearse, and Rehearse', NULL);
Insert into TEST_TUTORIAL_QUESTION_ANS
   (TEST_TUTORIAL_QUESTION_ANS_ID, TEST_TUTORIAL_MODULES_ID, PAGE_NUMBER, PAGE_TEXT, PAGE_AUDIO, 
    PAGE_VIDEO, QUESTION, QUESTION_CORRECT_ANSWER, QUESTION_OPTION_ANSWER_A, QUESTION_OPTION_ANSWER_B, 
    QUESTION_OPTION_ANSWER_C, QUESTION_OPTION_ANSWER_D, QUESTION_OPTION_ANSWER_E, QUESTION_OPTION_ANSWER_F, RECORD_CREATOR_ID, 
    RECORD_CREATE_DATE, RECORD_LAST_UPDATER_ID, RECORD_LAST_UPDATED_DATE, AUDIO_FILE_NAME, VIDEO_FILE_NAME, 
    PAGE_TITLE, ISQUESTION)
Values (69, 5, 9, NULL, NULL,NULL, NULL, NULL, NULL, NULL,NULL, NULL, NULL, NULL, '1', 
    TO_DATE('08/10/2009 02:02:22', 'MM/DD/YYYY HH24:MI:SS'), '1', TO_DATE('08/10/2009 02:02:22', 
    'MM/DD/YYYY HH24:MI:SS'), 'pages/secure/media/m5/m_5_page_10.swf', NULL,'Prepare Your Muslim Audience to be Appropriate', NULL);
Insert into TEST_TUTORIAL_QUESTION_ANS
   (TEST_TUTORIAL_QUESTION_ANS_ID, TEST_TUTORIAL_MODULES_ID, PAGE_NUMBER, PAGE_TEXT, PAGE_AUDIO, 
    PAGE_VIDEO, QUESTION, QUESTION_CORRECT_ANSWER, QUESTION_OPTION_ANSWER_A, QUESTION_OPTION_ANSWER_B, 
    QUESTION_OPTION_ANSWER_C, QUESTION_OPTION_ANSWER_D, QUESTION_OPTION_ANSWER_E, QUESTION_OPTION_ANSWER_F, RECORD_CREATOR_ID, 
    RECORD_CREATE_DATE, RECORD_LAST_UPDATER_ID, RECORD_LAST_UPDATED_DATE, AUDIO_FILE_NAME, VIDEO_FILE_NAME, 
    PAGE_TITLE, ISQUESTION)
Values (70, 5, 10, NULL, NULL,NULL, NULL, NULL, NULL, NULL,NULL, NULL, NULL, NULL, '1', 
    TO_DATE('08/10/2009 02:02:22', 'MM/DD/YYYY HH24:MI:SS'), '1', TO_DATE('08/10/2009 02:02:22', 
    'MM/DD/YYYY HH24:MI:SS'), 'pages/secure/media/m5/m_5_page_11.swf', NULL,'Style of Presentation', NULL);
Insert into TEST_TUTORIAL_QUESTION_ANS
   (TEST_TUTORIAL_QUESTION_ANS_ID, TEST_TUTORIAL_MODULES_ID, PAGE_NUMBER, PAGE_TEXT, PAGE_AUDIO, 
    PAGE_VIDEO, QUESTION, QUESTION_CORRECT_ANSWER, QUESTION_OPTION_ANSWER_A, QUESTION_OPTION_ANSWER_B, 
    QUESTION_OPTION_ANSWER_C, QUESTION_OPTION_ANSWER_D, QUESTION_OPTION_ANSWER_E, QUESTION_OPTION_ANSWER_F, RECORD_CREATOR_ID, 
    RECORD_CREATE_DATE, RECORD_LAST_UPDATER_ID, RECORD_LAST_UPDATED_DATE, AUDIO_FILE_NAME, VIDEO_FILE_NAME, 
    PAGE_TITLE, ISQUESTION)
Values (71, 5, 11, NULL, NULL,NULL, NULL, NULL, NULL, NULL,NULL, NULL, NULL, NULL, '1', 
    TO_DATE('08/10/2009 02:02:22', 'MM/DD/YYYY HH24:MI:SS'), '1', TO_DATE('08/10/2009 02:02:22', 
    'MM/DD/YYYY HH24:MI:SS'), 'pages/secure/media/m5/m_5_page_12.swf', NULL,'Lessons from the Qur''an', NULL);
Insert into TEST_TUTORIAL_QUESTION_ANS
   (TEST_TUTORIAL_QUESTION_ANS_ID, TEST_TUTORIAL_MODULES_ID, PAGE_NUMBER, PAGE_TEXT, PAGE_AUDIO, 
    PAGE_VIDEO, QUESTION, QUESTION_CORRECT_ANSWER, QUESTION_OPTION_ANSWER_A, QUESTION_OPTION_ANSWER_B, 
    QUESTION_OPTION_ANSWER_C, QUESTION_OPTION_ANSWER_D, QUESTION_OPTION_ANSWER_E, QUESTION_OPTION_ANSWER_F, RECORD_CREATOR_ID, 
    RECORD_CREATE_DATE, RECORD_LAST_UPDATER_ID, RECORD_LAST_UPDATED_DATE, AUDIO_FILE_NAME, VIDEO_FILE_NAME, 
    PAGE_TITLE, ISQUESTION)
Values (72, 5, 12, NULL, NULL,NULL, NULL, NULL, NULL, NULL,NULL, NULL, NULL, NULL, '1', 
    TO_DATE('08/10/2009 02:02:22', 'MM/DD/YYYY HH24:MI:SS'), '1', TO_DATE('08/10/2009 02:02:22', 
    'MM/DD/YYYY HH24:MI:SS'), 'pages/secure/media/m5/m_5_page_13.swf', NULL,'Lessons from the Qur''an', NULL);
Insert into TEST_TUTORIAL_QUESTION_ANS
   (TEST_TUTORIAL_QUESTION_ANS_ID, TEST_TUTORIAL_MODULES_ID, PAGE_NUMBER, PAGE_TEXT, PAGE_AUDIO, 
    PAGE_VIDEO, QUESTION, QUESTION_CORRECT_ANSWER, QUESTION_OPTION_ANSWER_A, QUESTION_OPTION_ANSWER_B, 
    QUESTION_OPTION_ANSWER_C, QUESTION_OPTION_ANSWER_D, QUESTION_OPTION_ANSWER_E, QUESTION_OPTION_ANSWER_F, RECORD_CREATOR_ID, 
    RECORD_CREATE_DATE, RECORD_LAST_UPDATER_ID, RECORD_LAST_UPDATED_DATE, AUDIO_FILE_NAME, VIDEO_FILE_NAME, 
    PAGE_TITLE, ISQUESTION)
Values (73, 5, 13, NULL, NULL,NULL, NULL, NULL, NULL, NULL,NULL, NULL, NULL, NULL, '1', 
    TO_DATE('08/10/2009 02:02:22', 'MM/DD/YYYY HH24:MI:SS'), '1', TO_DATE('08/10/2009 02:02:22', 
    'MM/DD/YYYY HH24:MI:SS'), 'pages/secure/media/m5/m_5_page_14.swf', NULL,'Facilitating Identification', NULL);
Insert into TEST_TUTORIAL_QUESTION_ANS
   (TEST_TUTORIAL_QUESTION_ANS_ID, TEST_TUTORIAL_MODULES_ID, PAGE_NUMBER, PAGE_TEXT, PAGE_AUDIO, 
    PAGE_VIDEO, QUESTION, QUESTION_CORRECT_ANSWER, QUESTION_OPTION_ANSWER_A, QUESTION_OPTION_ANSWER_B, 
    QUESTION_OPTION_ANSWER_C, QUESTION_OPTION_ANSWER_D, QUESTION_OPTION_ANSWER_E, QUESTION_OPTION_ANSWER_F, RECORD_CREATOR_ID, 
    RECORD_CREATE_DATE, RECORD_LAST_UPDATER_ID, RECORD_LAST_UPDATED_DATE, AUDIO_FILE_NAME, VIDEO_FILE_NAME, 
    PAGE_TITLE, ISQUESTION)
Values (74, 5, 14, NULL, NULL,NULL, NULL, NULL, NULL, NULL,NULL, NULL, NULL, NULL, '1', 
    TO_DATE('08/10/2009 02:02:22', 'MM/DD/YYYY HH24:MI:SS'), '1', TO_DATE('08/10/2009 02:02:22', 
    'MM/DD/YYYY HH24:MI:SS'), 'pages/secure/media/m5/m_5_page_15.swf', NULL,'Forget Your Arabic', NULL);
Insert into TEST_TUTORIAL_QUESTION_ANS
   (TEST_TUTORIAL_QUESTION_ANS_ID, TEST_TUTORIAL_MODULES_ID, PAGE_NUMBER, PAGE_TEXT, PAGE_AUDIO, 
    PAGE_VIDEO, QUESTION, QUESTION_CORRECT_ANSWER, QUESTION_OPTION_ANSWER_A, QUESTION_OPTION_ANSWER_B, 
    QUESTION_OPTION_ANSWER_C, QUESTION_OPTION_ANSWER_D, QUESTION_OPTION_ANSWER_E, QUESTION_OPTION_ANSWER_F, RECORD_CREATOR_ID, 
    RECORD_CREATE_DATE, RECORD_LAST_UPDATER_ID, RECORD_LAST_UPDATED_DATE, AUDIO_FILE_NAME, VIDEO_FILE_NAME, 
    PAGE_TITLE, ISQUESTION)
Values (75, 5, 15, NULL, NULL,NULL, NULL, NULL, NULL, NULL,NULL, NULL, NULL, NULL, '1', 
    TO_DATE('08/10/2009 02:02:22', 'MM/DD/YYYY HH24:MI:SS'), '1', TO_DATE('08/10/2009 02:02:22', 
    'MM/DD/YYYY HH24:MI:SS'), 'pages/secure/media/m5/m_5_page_16.swf', NULL,'"God" instead of "Allah"', NULL);
Insert into TEST_TUTORIAL_QUESTION_ANS
   (TEST_TUTORIAL_QUESTION_ANS_ID, TEST_TUTORIAL_MODULES_ID, PAGE_NUMBER, PAGE_TEXT, PAGE_AUDIO, 
    PAGE_VIDEO, QUESTION, QUESTION_CORRECT_ANSWER, QUESTION_OPTION_ANSWER_A, QUESTION_OPTION_ANSWER_B, 
    QUESTION_OPTION_ANSWER_C, QUESTION_OPTION_ANSWER_D, QUESTION_OPTION_ANSWER_E, QUESTION_OPTION_ANSWER_F, RECORD_CREATOR_ID, 
    RECORD_CREATE_DATE, RECORD_LAST_UPDATER_ID, RECORD_LAST_UPDATED_DATE, AUDIO_FILE_NAME, VIDEO_FILE_NAME, 
    PAGE_TITLE, ISQUESTION)
Values (76, 5, 16, NULL, NULL,NULL, NULL, NULL, NULL, NULL,NULL, NULL, NULL, NULL, '1', 
    TO_DATE('08/10/2009 02:02:22', 'MM/DD/YYYY HH24:MI:SS'), '1', TO_DATE('08/10/2009 02:02:22', 
    'MM/DD/YYYY HH24:MI:SS'), 'pages/secure/media/m5/m_5_page_17.swf', NULL,'Dress and Presentation', NULL);
Insert into TEST_TUTORIAL_QUESTION_ANS
   (TEST_TUTORIAL_QUESTION_ANS_ID, TEST_TUTORIAL_MODULES_ID, PAGE_NUMBER, PAGE_TEXT, PAGE_AUDIO, 
    PAGE_VIDEO, QUESTION, QUESTION_CORRECT_ANSWER, QUESTION_OPTION_ANSWER_A, QUESTION_OPTION_ANSWER_B, 
    QUESTION_OPTION_ANSWER_C, QUESTION_OPTION_ANSWER_D, QUESTION_OPTION_ANSWER_E, QUESTION_OPTION_ANSWER_F, RECORD_CREATOR_ID, 
    RECORD_CREATE_DATE, RECORD_LAST_UPDATER_ID, RECORD_LAST_UPDATED_DATE, AUDIO_FILE_NAME, VIDEO_FILE_NAME, 
    PAGE_TITLE, ISQUESTION)
Values (77, 5, 17, NULL, NULL,NULL, NULL, NULL, NULL, NULL,NULL, NULL, NULL, NULL, '1', 
    TO_DATE('08/10/2009 02:02:22', 'MM/DD/YYYY HH24:MI:SS'), '1', TO_DATE('08/10/2009 02:02:22', 
    'MM/DD/YYYY HH24:MI:SS'), 'pages/secure/media/m5/m_5_page_18.swf', NULL,'Use of Voice', NULL);
Insert into TEST_TUTORIAL_QUESTION_ANS
   (TEST_TUTORIAL_QUESTION_ANS_ID, TEST_TUTORIAL_MODULES_ID, PAGE_NUMBER, PAGE_TEXT, PAGE_AUDIO, 
    PAGE_VIDEO, QUESTION, QUESTION_CORRECT_ANSWER, QUESTION_OPTION_ANSWER_A, QUESTION_OPTION_ANSWER_B, 
    QUESTION_OPTION_ANSWER_C, QUESTION_OPTION_ANSWER_D, QUESTION_OPTION_ANSWER_E, QUESTION_OPTION_ANSWER_F, RECORD_CREATOR_ID, 
    RECORD_CREATE_DATE, RECORD_LAST_UPDATER_ID, RECORD_LAST_UPDATED_DATE, AUDIO_FILE_NAME, VIDEO_FILE_NAME, 
    PAGE_TITLE, ISQUESTION)
Values (78, 5, 18, NULL, NULL,NULL, NULL, NULL, NULL, NULL,NULL, NULL, NULL, NULL, '1', 
    TO_DATE('08/10/2009 02:02:22', 'MM/DD/YYYY HH24:MI:SS'), '1', TO_DATE('08/10/2009 02:02:22', 
    'MM/DD/YYYY HH24:MI:SS'), 'pages/secure/media/m5/m_5_page_19.swf', NULL,'Use of Voice', NULL);
Insert into TEST_TUTORIAL_QUESTION_ANS
   (TEST_TUTORIAL_QUESTION_ANS_ID, TEST_TUTORIAL_MODULES_ID, PAGE_NUMBER, PAGE_TEXT, PAGE_AUDIO, 
    PAGE_VIDEO, QUESTION, QUESTION_CORRECT_ANSWER, QUESTION_OPTION_ANSWER_A, QUESTION_OPTION_ANSWER_B, 
    QUESTION_OPTION_ANSWER_C, QUESTION_OPTION_ANSWER_D, QUESTION_OPTION_ANSWER_E, QUESTION_OPTION_ANSWER_F, RECORD_CREATOR_ID, 
    RECORD_CREATE_DATE, RECORD_LAST_UPDATER_ID, RECORD_LAST_UPDATED_DATE, AUDIO_FILE_NAME, VIDEO_FILE_NAME, 
    PAGE_TITLE, ISQUESTION)
Values (79, 5, 19, NULL, NULL,NULL, NULL, NULL, NULL, NULL,NULL, NULL, NULL, NULL, '1', 
    TO_DATE('08/10/2009 02:02:22', 'MM/DD/YYYY HH24:MI:SS'), '1', TO_DATE('08/10/2009 02:02:22', 
    'MM/DD/YYYY HH24:MI:SS'), 'pages/secure/media/m5/m_5_page_20.swf', NULL,'Verbal Facts and Lessons', NULL);
Insert into TEST_TUTORIAL_QUESTION_ANS
   (TEST_TUTORIAL_QUESTION_ANS_ID, TEST_TUTORIAL_MODULES_ID, PAGE_NUMBER, PAGE_TEXT, PAGE_AUDIO, 
    PAGE_VIDEO, QUESTION, QUESTION_CORRECT_ANSWER, QUESTION_OPTION_ANSWER_A, QUESTION_OPTION_ANSWER_B, 
    QUESTION_OPTION_ANSWER_C, QUESTION_OPTION_ANSWER_D, QUESTION_OPTION_ANSWER_E, QUESTION_OPTION_ANSWER_F, RECORD_CREATOR_ID, 
    RECORD_CREATE_DATE, RECORD_LAST_UPDATER_ID, RECORD_LAST_UPDATED_DATE, AUDIO_FILE_NAME, VIDEO_FILE_NAME, 
    PAGE_TITLE, ISQUESTION)
Values (80, 5, 20, NULL, NULL,NULL, NULL, NULL, NULL, NULL,NULL, NULL, NULL, NULL, '1', 
    TO_DATE('08/10/2009 02:02:22', 'MM/DD/YYYY HH24:MI:SS'), '1', TO_DATE('08/10/2009 02:02:22', 
    'MM/DD/YYYY HH24:MI:SS'), 'pages/secure/media/m5/m_5_page_21.swf', NULL,'Verbal Facts and Lessons', NULL);
Insert into TEST_TUTORIAL_QUESTION_ANS
   (TEST_TUTORIAL_QUESTION_ANS_ID, TEST_TUTORIAL_MODULES_ID, PAGE_NUMBER, PAGE_TEXT, PAGE_AUDIO, 
    PAGE_VIDEO, QUESTION, QUESTION_CORRECT_ANSWER, QUESTION_OPTION_ANSWER_A, QUESTION_OPTION_ANSWER_B, 
    QUESTION_OPTION_ANSWER_C, QUESTION_OPTION_ANSWER_D, QUESTION_OPTION_ANSWER_E, QUESTION_OPTION_ANSWER_F, RECORD_CREATOR_ID, 
    RECORD_CREATE_DATE, RECORD_LAST_UPDATER_ID, RECORD_LAST_UPDATED_DATE, AUDIO_FILE_NAME, VIDEO_FILE_NAME, 
    PAGE_TITLE, ISQUESTION)
Values (81, 5, 21, NULL, NULL,NULL, NULL, NULL, NULL, NULL,NULL, NULL, NULL, NULL, '1', 
    TO_DATE('08/10/2009 02:02:22', 'MM/DD/YYYY HH24:MI:SS'), '1', TO_DATE('08/10/2009 02:02:22', 
    'MM/DD/YYYY HH24:MI:SS'), 'pages/secure/media/m5/m_5_page_22.swf', NULL,'Verbal Facts and Lessons', NULL);
Insert into TEST_TUTORIAL_QUESTION_ANS
   (TEST_TUTORIAL_QUESTION_ANS_ID, TEST_TUTORIAL_MODULES_ID, PAGE_NUMBER, PAGE_TEXT, PAGE_AUDIO, 
    PAGE_VIDEO, QUESTION, QUESTION_CORRECT_ANSWER, QUESTION_OPTION_ANSWER_A, QUESTION_OPTION_ANSWER_B, 
    QUESTION_OPTION_ANSWER_C, QUESTION_OPTION_ANSWER_D, QUESTION_OPTION_ANSWER_E, QUESTION_OPTION_ANSWER_F, RECORD_CREATOR_ID, 
    RECORD_CREATE_DATE, RECORD_LAST_UPDATER_ID, RECORD_LAST_UPDATED_DATE, AUDIO_FILE_NAME, VIDEO_FILE_NAME, 
    PAGE_TITLE, ISQUESTION)
Values (82, 5, 22, NULL, NULL,NULL, NULL, NULL, NULL, NULL,NULL, NULL, NULL, NULL, '1', 
    TO_DATE('08/10/2009 02:02:22', 'MM/DD/YYYY HH24:MI:SS'), '1', TO_DATE('08/10/2009 02:02:22', 
    'MM/DD/YYYY HH24:MI:SS'), 'pages/secure/media/m5/m_5_page_23.swf', NULL,'Verbal Facts and Lessons', NULL);
Insert into TEST_TUTORIAL_QUESTION_ANS
   (TEST_TUTORIAL_QUESTION_ANS_ID, TEST_TUTORIAL_MODULES_ID, PAGE_NUMBER, PAGE_TEXT, PAGE_AUDIO, 
    PAGE_VIDEO, QUESTION, QUESTION_CORRECT_ANSWER, QUESTION_OPTION_ANSWER_A, QUESTION_OPTION_ANSWER_B, 
    QUESTION_OPTION_ANSWER_C, QUESTION_OPTION_ANSWER_D, QUESTION_OPTION_ANSWER_E, QUESTION_OPTION_ANSWER_F, RECORD_CREATOR_ID, 
    RECORD_CREATE_DATE, RECORD_LAST_UPDATER_ID, RECORD_LAST_UPDATED_DATE, AUDIO_FILE_NAME, VIDEO_FILE_NAME, 
    PAGE_TITLE, ISQUESTION)
Values (83, 5, 23, NULL, NULL,NULL, NULL, NULL, NULL, NULL,NULL, NULL, NULL, NULL, '1', 
    TO_DATE('08/10/2009 02:02:22', 'MM/DD/YYYY HH24:MI:SS'), '1', TO_DATE('08/10/2009 02:02:22', 
    'MM/DD/YYYY HH24:MI:SS'), 'pages/secure/media/m5/m_5_page_24.swf', NULL,'Be Assertive, Not Aggressive', NULL);
Insert into TEST_TUTORIAL_QUESTION_ANS
   (TEST_TUTORIAL_QUESTION_ANS_ID, TEST_TUTORIAL_MODULES_ID, PAGE_NUMBER, PAGE_TEXT, PAGE_AUDIO, 
    PAGE_VIDEO, QUESTION, QUESTION_CORRECT_ANSWER, QUESTION_OPTION_ANSWER_A, QUESTION_OPTION_ANSWER_B, 
    QUESTION_OPTION_ANSWER_C, QUESTION_OPTION_ANSWER_D, QUESTION_OPTION_ANSWER_E, QUESTION_OPTION_ANSWER_F, RECORD_CREATOR_ID, 
    RECORD_CREATE_DATE, RECORD_LAST_UPDATER_ID, RECORD_LAST_UPDATED_DATE, AUDIO_FILE_NAME, VIDEO_FILE_NAME, 
    PAGE_TITLE, ISQUESTION)
Values (84, 5, 24, NULL, NULL,NULL, NULL, NULL, NULL, NULL,NULL, NULL, NULL, NULL, '1', 
    TO_DATE('08/10/2009 02:02:22', 'MM/DD/YYYY HH24:MI:SS'), '1', TO_DATE('08/10/2009 02:02:22', 
    'MM/DD/YYYY HH24:MI:SS'), 'pages/secure/media/m5/m_5_page_25.swf', NULL,'Tips to Follow', NULL);
Insert into TEST_TUTORIAL_QUESTION_ANS
   (TEST_TUTORIAL_QUESTION_ANS_ID, TEST_TUTORIAL_MODULES_ID, PAGE_NUMBER, PAGE_TEXT, PAGE_AUDIO, 
    PAGE_VIDEO, QUESTION, QUESTION_CORRECT_ANSWER, QUESTION_OPTION_ANSWER_A, QUESTION_OPTION_ANSWER_B, 
    QUESTION_OPTION_ANSWER_C, QUESTION_OPTION_ANSWER_D, QUESTION_OPTION_ANSWER_E, QUESTION_OPTION_ANSWER_F, RECORD_CREATOR_ID, 
    RECORD_CREATE_DATE, RECORD_LAST_UPDATER_ID, RECORD_LAST_UPDATED_DATE, AUDIO_FILE_NAME, VIDEO_FILE_NAME, 
    PAGE_TITLE, ISQUESTION)
Values (85, 5, 25, NULL, NULL,NULL, NULL, NULL, NULL, NULL,NULL, NULL, NULL, NULL, '1', 
    TO_DATE('08/10/2009 02:02:22', 'MM/DD/YYYY HH24:MI:SS'), '1', TO_DATE('08/10/2009 02:02:22', 
    'MM/DD/YYYY HH24:MI:SS'), 'pages/secure/media/m5/m_5_page_26.swf', NULL,'Tips to Follow', NULL);
Insert into TEST_TUTORIAL_QUESTION_ANS
   (TEST_TUTORIAL_QUESTION_ANS_ID, TEST_TUTORIAL_MODULES_ID, PAGE_NUMBER, PAGE_TEXT, PAGE_AUDIO, 
    PAGE_VIDEO, QUESTION, QUESTION_CORRECT_ANSWER, QUESTION_OPTION_ANSWER_A, QUESTION_OPTION_ANSWER_B, 
    QUESTION_OPTION_ANSWER_C, QUESTION_OPTION_ANSWER_D, QUESTION_OPTION_ANSWER_E, QUESTION_OPTION_ANSWER_F, RECORD_CREATOR_ID, 
    RECORD_CREATE_DATE, RECORD_LAST_UPDATER_ID, RECORD_LAST_UPDATED_DATE, AUDIO_FILE_NAME, VIDEO_FILE_NAME, 
    PAGE_TITLE, ISQUESTION)
Values (86, 5, 26, NULL, NULL,NULL, NULL, NULL, NULL, NULL,NULL, NULL, NULL, NULL, '1', 
    TO_DATE('08/10/2009 02:02:22', 'MM/DD/YYYY HH24:MI:SS'), '1', TO_DATE('08/10/2009 02:02:22', 
    'MM/DD/YYYY HH24:MI:SS'), 'pages/secure/media/m5/m_5_page_27.swf', NULL,'Tips to Follow', NULL);
Insert into TEST_TUTORIAL_QUESTION_ANS
   (TEST_TUTORIAL_QUESTION_ANS_ID, TEST_TUTORIAL_MODULES_ID, PAGE_NUMBER, PAGE_TEXT, PAGE_AUDIO, 
    PAGE_VIDEO, QUESTION, QUESTION_CORRECT_ANSWER, QUESTION_OPTION_ANSWER_A, QUESTION_OPTION_ANSWER_B, 
    QUESTION_OPTION_ANSWER_C, QUESTION_OPTION_ANSWER_D, QUESTION_OPTION_ANSWER_E, QUESTION_OPTION_ANSWER_F, RECORD_CREATOR_ID, 
    RECORD_CREATE_DATE, RECORD_LAST_UPDATER_ID, RECORD_LAST_UPDATED_DATE, AUDIO_FILE_NAME, VIDEO_FILE_NAME, 
    PAGE_TITLE, ISQUESTION)
Values (87, 5, 27, NULL, NULL,NULL, NULL, NULL, NULL, NULL,NULL, NULL, NULL, NULL, '1', 
    TO_DATE('08/10/2009 02:02:22', 'MM/DD/YYYY HH24:MI:SS'), '1', TO_DATE('08/10/2009 02:02:22', 
    'MM/DD/YYYY HH24:MI:SS'), 'pages/secure/media/m5/m_5_page_28.swf', NULL,'Tips to Follow', NULL);
Insert into TEST_TUTORIAL_QUESTION_ANS
   (TEST_TUTORIAL_QUESTION_ANS_ID, TEST_TUTORIAL_MODULES_ID, PAGE_NUMBER, PAGE_TEXT, PAGE_AUDIO, 
    PAGE_VIDEO, QUESTION, QUESTION_CORRECT_ANSWER, QUESTION_OPTION_ANSWER_A, QUESTION_OPTION_ANSWER_B, 
    QUESTION_OPTION_ANSWER_C, QUESTION_OPTION_ANSWER_D, QUESTION_OPTION_ANSWER_E, QUESTION_OPTION_ANSWER_F, RECORD_CREATOR_ID, 
    RECORD_CREATE_DATE, RECORD_LAST_UPDATER_ID, RECORD_LAST_UPDATED_DATE, AUDIO_FILE_NAME, VIDEO_FILE_NAME, 
    PAGE_TITLE, ISQUESTION)
Values (88, 5, 28, NULL, NULL,NULL, NULL, NULL, NULL, NULL,NULL, NULL, NULL, NULL, '1', 
    TO_DATE('08/10/2009 02:02:22', 'MM/DD/YYYY HH24:MI:SS'), '1', TO_DATE('08/10/2009 02:02:22', 
    'MM/DD/YYYY HH24:MI:SS'), 'pages/secure/media/m5/m_5_page_29.swf', NULL,'Thou Shalt Not.', NULL);
Insert into TEST_TUTORIAL_QUESTION_ANS
   (TEST_TUTORIAL_QUESTION_ANS_ID, TEST_TUTORIAL_MODULES_ID, PAGE_NUMBER, PAGE_TEXT, PAGE_AUDIO, 
    PAGE_VIDEO, QUESTION, QUESTION_CORRECT_ANSWER, QUESTION_OPTION_ANSWER_A, QUESTION_OPTION_ANSWER_B, 
    QUESTION_OPTION_ANSWER_C, QUESTION_OPTION_ANSWER_D, QUESTION_OPTION_ANSWER_E, QUESTION_OPTION_ANSWER_F, RECORD_CREATOR_ID, 
    RECORD_CREATE_DATE, RECORD_LAST_UPDATER_ID, RECORD_LAST_UPDATED_DATE, AUDIO_FILE_NAME, VIDEO_FILE_NAME, 
    PAGE_TITLE, ISQUESTION)
Values (89, 5, 29, NULL, NULL,NULL, NULL, NULL, NULL, NULL,NULL, NULL, NULL, NULL, '1', 
    TO_DATE('08/10/2009 02:02:22', 'MM/DD/YYYY HH24:MI:SS'), '1', TO_DATE('08/10/2009 02:02:22', 
    'MM/DD/YYYY HH24:MI:SS'), 'pages/secure/media/m5/m_5_page_30.swf', NULL,'Thou Shalt Not.', NULL);
Insert into TEST_TUTORIAL_QUESTION_ANS
   (TEST_TUTORIAL_QUESTION_ANS_ID, TEST_TUTORIAL_MODULES_ID, PAGE_NUMBER, PAGE_TEXT, PAGE_AUDIO, 
    PAGE_VIDEO, QUESTION, QUESTION_CORRECT_ANSWER, QUESTION_OPTION_ANSWER_A, QUESTION_OPTION_ANSWER_B, 
    QUESTION_OPTION_ANSWER_C, QUESTION_OPTION_ANSWER_D, QUESTION_OPTION_ANSWER_E, QUESTION_OPTION_ANSWER_F, RECORD_CREATOR_ID, 
    RECORD_CREATE_DATE, RECORD_LAST_UPDATER_ID, RECORD_LAST_UPDATED_DATE, AUDIO_FILE_NAME, VIDEO_FILE_NAME, 
    PAGE_TITLE, ISQUESTION)
Values (90, 5, 30, NULL, NULL,NULL, NULL, NULL, NULL, NULL,NULL, NULL, NULL, NULL, '1', 
    TO_DATE('08/10/2009 02:02:22', 'MM/DD/YYYY HH24:MI:SS'), '1', TO_DATE('08/10/2009 02:02:22', 
    'MM/DD/YYYY HH24:MI:SS'), 'pages/secure/media/m5/m_5_page_31.swf', NULL,'Have your audience register at', NULL);

-- Protege page data for module Islam 101    
Insert into TEST_TUTORIAL_QUESTION_ANS
   (TEST_TUTORIAL_QUESTION_ANS_ID, TEST_TUTORIAL_MODULES_ID, PAGE_NUMBER, PAGE_TEXT, PAGE_AUDIO, 
    PAGE_VIDEO, QUESTION, QUESTION_CORRECT_ANSWER, QUESTION_OPTION_ANSWER_A, QUESTION_OPTION_ANSWER_B, 
    QUESTION_OPTION_ANSWER_C, QUESTION_OPTION_ANSWER_D, QUESTION_OPTION_ANSWER_E, QUESTION_OPTION_ANSWER_F, RECORD_CREATOR_ID, 
    RECORD_CREATE_DATE, RECORD_LAST_UPDATER_ID, RECORD_LAST_UPDATED_DATE, AUDIO_FILE_NAME, VIDEO_FILE_NAME, 
    PAGE_TITLE, ISQUESTION)
Values (91, 6, 1, NULL, NULL,NULL, NULL, NULL, NULL, NULL,NULL, NULL, NULL, NULL, '1', 
    TO_DATE('08/10/2009 02:02:22', 'MM/DD/YYYY HH24:MI:SS'), '1', TO_DATE('08/10/2009 02:02:22', 
    'MM/DD/YYYY HH24:MI:SS'), 'pages/secure/media/m101/m_101_page_2.swf', NULL,'What is Islam?', NULL);
Insert into TEST_TUTORIAL_QUESTION_ANS
   (TEST_TUTORIAL_QUESTION_ANS_ID, TEST_TUTORIAL_MODULES_ID, PAGE_NUMBER, PAGE_TEXT, PAGE_AUDIO, 
    PAGE_VIDEO, QUESTION, QUESTION_CORRECT_ANSWER, QUESTION_OPTION_ANSWER_A, QUESTION_OPTION_ANSWER_B, 
    QUESTION_OPTION_ANSWER_C, QUESTION_OPTION_ANSWER_D, QUESTION_OPTION_ANSWER_E, QUESTION_OPTION_ANSWER_F, RECORD_CREATOR_ID, 
    RECORD_CREATE_DATE, RECORD_LAST_UPDATER_ID, RECORD_LAST_UPDATED_DATE, AUDIO_FILE_NAME, VIDEO_FILE_NAME, 
    PAGE_TITLE, ISQUESTION)
Values (92, 6, 2, NULL, NULL,NULL, NULL, NULL, NULL, NULL,NULL, NULL, NULL, NULL, '1', 
    TO_DATE('08/10/2009 02:02:22', 'MM/DD/YYYY HH24:MI:SS'), '1', TO_DATE('08/10/2009 02:02:22', 
    'MM/DD/YYYY HH24:MI:SS'), 'pages/secure/media/m101/m_101_page_3.swf', NULL,'Who are Muslims and what...', NULL);
Insert into TEST_TUTORIAL_QUESTION_ANS
   (TEST_TUTORIAL_QUESTION_ANS_ID, TEST_TUTORIAL_MODULES_ID, PAGE_NUMBER, PAGE_TEXT, PAGE_AUDIO, 
    PAGE_VIDEO, QUESTION, QUESTION_CORRECT_ANSWER, QUESTION_OPTION_ANSWER_A, QUESTION_OPTION_ANSWER_B, 
    QUESTION_OPTION_ANSWER_C, QUESTION_OPTION_ANSWER_D, QUESTION_OPTION_ANSWER_E, QUESTION_OPTION_ANSWER_F, RECORD_CREATOR_ID, 
    RECORD_CREATE_DATE, RECORD_LAST_UPDATER_ID, RECORD_LAST_UPDATED_DATE, AUDIO_FILE_NAME, VIDEO_FILE_NAME, 
    PAGE_TITLE, ISQUESTION)
Values (93, 6, 3, NULL, NULL,NULL, NULL, NULL, NULL, NULL,NULL, NULL, NULL, NULL, '1', 
    TO_DATE('08/10/2009 02:02:22', 'MM/DD/YYYY HH24:MI:SS'), '1', TO_DATE('08/10/2009 02:02:22', 
    'MM/DD/YYYY HH24:MI:SS'), 'pages/secure/media/m101/m_101_page_3.swf', NULL,'What is the Quran?', NULL);
Insert into TEST_TUTORIAL_QUESTION_ANS
   (TEST_TUTORIAL_QUESTION_ANS_ID, TEST_TUTORIAL_MODULES_ID, PAGE_NUMBER, PAGE_TEXT, PAGE_AUDIO, 
    PAGE_VIDEO, QUESTION, QUESTION_CORRECT_ANSWER, QUESTION_OPTION_ANSWER_A, QUESTION_OPTION_ANSWER_B, 
    QUESTION_OPTION_ANSWER_C, QUESTION_OPTION_ANSWER_D, QUESTION_OPTION_ANSWER_E, QUESTION_OPTION_ANSWER_F, RECORD_CREATOR_ID, 
    RECORD_CREATE_DATE, RECORD_LAST_UPDATER_ID, RECORD_LAST_UPDATED_DATE, AUDIO_FILE_NAME, VIDEO_FILE_NAME, 
    PAGE_TITLE, ISQUESTION)
Values (94, 6, 4, NULL, NULL,NULL, NULL, NULL, NULL, NULL,NULL, NULL, NULL, NULL, '1', 
    TO_DATE('08/10/2009 02:02:22', 'MM/DD/YYYY HH24:MI:SS'), '1', TO_DATE('08/10/2009 02:02:22', 
    'MM/DD/YYYY HH24:MI:SS'), 'pages/secure/media/m101/m_101_page_4.swf', NULL,'What is the "Five Pillars" of Islam?', NULL);
Insert into TEST_TUTORIAL_QUESTION_ANS
   (TEST_TUTORIAL_QUESTION_ANS_ID, TEST_TUTORIAL_MODULES_ID, PAGE_NUMBER, PAGE_TEXT, PAGE_AUDIO, 
    PAGE_VIDEO, QUESTION, QUESTION_CORRECT_ANSWER, QUESTION_OPTION_ANSWER_A, QUESTION_OPTION_ANSWER_B, 
    QUESTION_OPTION_ANSWER_C, QUESTION_OPTION_ANSWER_D, QUESTION_OPTION_ANSWER_E, QUESTION_OPTION_ANSWER_F, RECORD_CREATOR_ID, 
    RECORD_CREATE_DATE, RECORD_LAST_UPDATER_ID, RECORD_LAST_UPDATED_DATE, AUDIO_FILE_NAME, VIDEO_FILE_NAME, 
    PAGE_TITLE, ISQUESTION)
Values (95, 6, 5, NULL, NULL,NULL, NULL, NULL, NULL, NULL,NULL, NULL, NULL, NULL, '1', 
    TO_DATE('08/10/2009 02:02:22', 'MM/DD/YYYY HH24:MI:SS'), '1', TO_DATE('08/10/2009 02:02:22', 
    'MM/DD/YYYY HH24:MI:SS'), 'pages/secure/media/m101/m_101_page_5.swf', NULL,'What about the American Muslim community?', NULL);
Insert into TEST_TUTORIAL_QUESTION_ANS
   (TEST_TUTORIAL_QUESTION_ANS_ID, TEST_TUTORIAL_MODULES_ID, PAGE_NUMBER, PAGE_TEXT, PAGE_AUDIO, 
    PAGE_VIDEO, QUESTION, QUESTION_CORRECT_ANSWER, QUESTION_OPTION_ANSWER_A, QUESTION_OPTION_ANSWER_B, 
    QUESTION_OPTION_ANSWER_C, QUESTION_OPTION_ANSWER_D, QUESTION_OPTION_ANSWER_E, QUESTION_OPTION_ANSWER_F, RECORD_CREATOR_ID, 
    RECORD_CREATE_DATE, RECORD_LAST_UPDATER_ID, RECORD_LAST_UPDATED_DATE, AUDIO_FILE_NAME, VIDEO_FILE_NAME, 
    PAGE_TITLE, ISQUESTION)
Values (96, 6, 6, NULL, NULL,NULL, NULL, NULL, NULL, NULL,NULL, NULL, NULL, NULL, '1', 
    TO_DATE('08/10/2009 02:02:22', 'MM/DD/YYYY HH24:MI:SS'), '1', TO_DATE('08/10/2009 02:02:22', 
    'MM/DD/YYYY HH24:MI:SS'), 'pages/secure/media/m101/m_101_page_6.swf', NULL,'Muslim Dress Code and Prayer', NULL);
Insert into TEST_TUTORIAL_QUESTION_ANS
   (TEST_TUTORIAL_QUESTION_ANS_ID, TEST_TUTORIAL_MODULES_ID, PAGE_NUMBER, PAGE_TEXT, PAGE_AUDIO, 
    PAGE_VIDEO, QUESTION, QUESTION_CORRECT_ANSWER, QUESTION_OPTION_ANSWER_A, QUESTION_OPTION_ANSWER_B, 
    QUESTION_OPTION_ANSWER_C, QUESTION_OPTION_ANSWER_D, QUESTION_OPTION_ANSWER_E, QUESTION_OPTION_ANSWER_F, RECORD_CREATOR_ID, 
    RECORD_CREATE_DATE, RECORD_LAST_UPDATER_ID, RECORD_LAST_UPDATED_DATE, AUDIO_FILE_NAME, VIDEO_FILE_NAME, 
    PAGE_TITLE, ISQUESTION)
Values (97, 6, 7, NULL, NULL,NULL, NULL, NULL, NULL, NULL,NULL, NULL, NULL, NULL, '1', 
    TO_DATE('08/10/2009 02:02:22', 'MM/DD/YYYY HH24:MI:SS'), '1', TO_DATE('08/10/2009 02:02:22', 
    'MM/DD/YYYY HH24:MI:SS'), 'pages/secure/media/m101/m_101_page_7.swf', NULL,'Get to Know', NULL);

    
commit;    